because_CS,0.515895546,,Mean,Median,,because_CS,0.515895546,Filter values >= Mean,because_CS,0.515895546,,because_CS,0.515895546,,because_CS,0.515895546,,Mean,Median,,because_CS,,obama_NP,-0.403758908,,Mean,Median,,obama_NP
that's_DT,0.495179924,,0.122416317,0.081441314,,that's_DT,0.495179924,,that's_DT,0.495179924,,that's_DT,0.495179924,,that's_DT,0.495179924,,0.318008784,0.332182847,,that's_DT,,greater_JJR,-0.354763159,,-0.204956137,-0.188189561,,greater_JJR
we've_PPSS,0.444663974,,,,,we've_PPSS,0.444663974,,we've_PPSS,0.444663974,,we've_PPSS,0.444663974,,we've_PPSS,0.444663974,,,,,we've_PPSS,,elected_VBN,-0.333500386,,,,,elected_VBN
why_WRB,0.433132429,,,,,why_WRB,0.433132429,,why_WRB,0.433132429,,why_WRB,0.433132429,,why_WRB,0.433132429,,,,,why_WRB,,will_MD,-0.300357651,,,,,will_MD
obama_NP,0.403758908,,,,,obama_NP,0.403758908,,obama_NP,0.403758908,,folks_NNS,0.39123346,,folks_NNS,0.39123346,,,,,folks_NNS,,spending_NN,-0.281608899,,,,,spending_NN
folks_NNS,0.39123346,,,,,folks_NNS,0.39123346,,folks_NNS,0.39123346,,so_CS,0.381141065,,so_CS,0.381141065,,,,,so_CS,,increase_NN,-0.274656529,,,,,increase_NN
so_CS,0.381141065,,,,,so_CS,0.381141065,,so_CS,0.381141065,,got_VBD,0.355659596,,got_VBD,0.355659596,,,,,got_VBD,,most_QL,-0.263435861,,,,,most_QL
got_VBD,0.355659596,,,,,got_VBD,0.355659596,,got_VBD,0.355659596,,that_CS,0.351645668,,that_CS,0.351645668,,,,,that_CS,,life_NN,-0.262964994,,,,,life_NN
greater_JJR,0.354763159,,,,,greater_JJR,0.354763159,,greater_JJR,0.354763159,,everybody_PN,0.344145376,,everybody_PN,0.344145376,,,,,everybody_PN,,dollars_NNS,-0.258265115,,,,,dollars_NNS
that_CS,0.351645668,,,,,that_CS,0.351645668,,that_CS,0.351645668,,college_NN,0.336406315,,college_NN,0.336406315,,,,,college_NN,,case_NN,-0.258074098,,,,,case_NN
everybody_PN,0.344145376,,,,,everybody_PN,0.344145376,,everybody_PN,0.344145376,,decade_NN,0.331456087,,laughter_NP,0.327959378,,,,,laughter_NP,,he_PPS,-0.253123811,,,,,he_PPS
college_NN,0.336406315,,,,,college_NN,0.336406315,,college_NN,0.336406315,,what_WDT.,0.328489365,,roads_NNS,0.314606599,,,,,Total = 11,,business_NN,-0.234270855,,,,,business_NN
elected_VBN,0.333500386,,,,,elected_VBN,0.333500386,,elected_VBN,0.333500386,,laughter_NP,0.327959378,,this_DT,0.306786874,,,,,,,has_HVZ,-0.229820048,,,,,has_HVZ
laughter_NP,0.327959378,,,,,laughter_NP,0.327959378,,laughter_NP,0.327959378,,work_VB,0.323048656,,sick_JJ,0.300687652,,,,,,,my_PP$,-0.227548444,,,,,my_PP$
roads_NNS,0.314606599,,,,,roads_NNS,0.314606599,,roads_NNS,0.314606599,,roads_NNS,0.314606599,,chance_NN,0.299321085,,,,,,,record_NN,-0.220874626,,,,,record_NN
this_DT,0.306786874,,,,,this_DT,0.306786874,,this_DT,0.306786874,,you_PPSS,0.313561212,,change_NN,0.232098805,,,,,,,wrong_JJ,-0.219115836,,,,,wrong_JJ
sick_JJ,0.300687652,,,,,sick_JJ,0.300687652,,sick_JJ,0.300687652,,together_RB,0.309332391,,applause_NN,0.142577087,,,,,,,reforms_NNS,-0.213416624,,,,,reforms_NNS
will_MD,0.300357651,,,,,will_MD,0.300357651,,will_MD,0.300357651,,just_RB,0.307049134,,to_TO,0.132682396,,,,,,,his_PP$,-0.209409068,,,,,his_PP$
chance_NN,0.299321085,,,,,chance_NN,0.299321085,,chance_NN,0.299321085,,this_DT,0.306786874,,that_WPS,0.129545376,,,,,,,cause_NN,-0.207304443,,,,,cause_NN
spending_NN,0.281608899,,,,,spending_NN,0.281608899,,spending_NN,0.281608899,,now_RB,0.305530941,,streets_NNS,0.124807066,,,,,,,direction_NN,-0.20510426,,,,,direction_NN
increase_NN,0.274656529,,,,,increase_NN,0.274656529,,increase_NN,0.274656529,,we_PPSS,0.304108393,,,,,,,,,,seek_VB,-0.202332527,,,,,Total = 20
most_QL,0.263435861,,,,,most_QL,0.263435861,,most_QL,0.263435861,,willing_JJ,0.301895877,,,,,,,,,,interests_NNS,-0.201180462,,,,,
life_NN,0.262964994,,,,,life_NN,0.262964994,,life_NN,0.262964994,,sick_JJ,0.300687652,,,,,,,,,,courage_NN,-0.189740978,,,,,
dollars_NNS,0.258265115,,,,,dollars_NNS,0.258265115,,dollars_NNS,0.258265115,,chance_NN,0.299321085,,,,,,,,,,senator_NN,-0.188189561,,,,,
case_NN,0.258074098,,,,,case_NN,0.258074098,,case_NN,0.258074098,,4_CD,0.298722269,,,,,,,,,,wealth_NN,-0.187943345,,,,,
he_PPS,0.253123811,,,,,he_PPS,0.253123811,,he_PPS,0.253123811,,investing_VBG,0.296872862,,,,,,,,,,history_NN,-0.180676704,,,,,
business_NN,0.234270855,,,,,business_NN,0.234270855,,business_NN,0.234270855,,how_WRB,0.294207842,,,,,,,,,,bad_JJ,-0.18046086,,,,,
change_NN,0.232098805,,,,,change_NN,0.232098805,,change_NN,0.232098805,,wealthiest_JJT,0.287482453,,,,,,,,,,hands_NNS,-0.177069239,,,,,
has_HVZ,0.229820048,,,,,has_HVZ,0.229820048,,has_HVZ,0.229820048,,after_IN,0.282935003,,,,,,,,,,raise_VB,-0.174659782,,,,,
my_PP$,0.227548444,,,,,my_PP$,0.227548444,,my_PP$,0.227548444,,sure_JJ,0.28228481,,,,,,,,,,experience_NN,-0.171449223,,,,,
record_NN,0.220874626,,,,,record_NN,0.220874626,,record_NN,0.220874626,,afford_VB,0.280956274,,,,,,,,,,before_IN,-0.167652112,,,,,
wrong_JJ,0.219115836,,,,,wrong_JJ,0.219115836,,wrong_JJ,0.219115836,,we'll_PPSS,0.27929337,,,,,,,,,,balanced_VBN,-0.166789109,,,,,
reforms_NNS,0.213416624,,,,,reforms_NNS,0.213416624,,reforms_NNS,0.213416624,,breaks_VBZ,0.274325426,,,,,,,,,,friends_NNS,-0.163767182,,,,,
his_PP$,0.209409068,,,,,his_PP$,0.209409068,,his_PP$,0.209409068,,right_QL,0.273524934,,,,,,,,,,choices_NNS,-0.16184026,,,,,
cause_NN,0.207304443,,,,,cause_NN,0.207304443,,cause_NN,0.207304443,,here_RB,0.271450842,,,,,,,,,,political_JJ,-0.159125756,,,,,
direction_NN,0.20510426,,,,,direction_NN,0.20510426,,direction_NN,0.20510426,,mccain_NP,0.268486222,,,,,,,,,,again_RB,-0.157789589,,,,,
seek_VB,0.202332527,,,,,seek_VB,0.202332527,,seek_VB,0.202332527,,want_VB,0.268431663,,,,,,,,,,used_VBN,-0.157240216,,,,,
interests_NNS,0.201180462,,,,,interests_NNS,0.201180462,,interests_NNS,0.201180462,,go_VB,0.268141732,,,,,,,,,,whatever_WDT.,-0.156401851,,,,,
courage_NN,0.189740978,,,,,courage_NN,0.189740978,,courage_NN,0.189740978,,doing_VBG,0.266848239,,,,,,,,,,sell_VB,-0.15625098,,,,,
senator_NN,0.188189561,,,,,senator_NN,0.188189561,,senator_NN,0.188189561,,rebuilding_VBG,0.258592928,,,,,,,,,,fight_VB,-0.153570797,,,,,
wealth_NN,0.187943345,,,,,wealth_NN,0.187943345,,wealth_NN,0.187943345,,that's_WPS,0.257990861,,,,,,,,,,achieve_VB,-0.152059781,,,,,
history_NN,0.180676704,,,,,history_NN,0.180676704,,history_NN,0.180676704,,forward_RB,0.255281337,,,,,,,,,,lost_VBN,-0.146256873,,,,,
bad_JJ,0.18046086,,,,,bad_JJ,0.18046086,,bad_JJ,0.18046086,,you're_PPSS,0.25490422,,,,,,,,,,cost_NN,-0.142593315,,,,,
hands_NNS,0.177069239,,,,,hands_NNS,0.177069239,,hands_NNS,0.177069239,,young_JJ,0.254208412,,,,,,,,,,interest_NN,-0.132902474,,,,,
raise_VB,0.174659782,,,,,raise_VB,0.174659782,,raise_VB,0.174659782,,2_CD,0.25302371,,,,,,,,,,longer_RBR,-0.132128452,,,,,
experience_NN,0.171449223,,,,,experience_NN,0.171449223,,experience_NN,0.171449223,,tell_VB,0.252115238,,,,,,,,,,available_JJ,-0.131480725,,,,,
before_IN,0.167652112,,,,,before_IN,0.167652112,,before_IN,0.167652112,,21st_OD,0.250797198,,,,,,,,,,challenge_NN,-0.130012657,,,,,
balanced_VBN,0.166789109,,,,,balanced_VBN,0.166789109,,balanced_VBN,0.166789109,,they're_PPSS,0.250573209,,,,,,,,,,,,,,,,
friends_NNS,0.163767182,,,,,friends_NNS,0.163767182,,friends_NNS,0.163767182,,who's_WPS,0.250327923,,,,,,,,,,,,,,,,
choices_NNS,0.16184026,,,,,choices_NNS,0.16184026,,choices_NNS,0.16184026,,need_VB,0.245308884,,,,,,,,,,,,,,,,
political_JJ,0.159125756,,,,,political_JJ,0.159125756,,political_JJ,0.159125756,,if_CS,0.244429663,,,,,,,,,,,,,,,,
again_RB,0.157789589,,,,,again_RB,0.157789589,,again_RB,0.157789589,,remind_VB,0.242907034,,,,,,,,,,,,,,,,
used_VBN,0.157240216,,,,,used_VBN,0.157240216,,used_VBN,0.157240216,,can_MD,0.241929608,,,,,,,,,,,,,,,,
whatever_WDT.,0.156401851,,,,,whatever_WDT.,0.156401851,,whatever_WDT.,0.156401851,,companies_NNS,0.240698982,,,,,,,,,,,,,,,,
sell_VB,0.15625098,,,,,sell_VB,0.15625098,,sell_VB,0.15625098,,we're_PPSS,0.240613636,,,,,,,,,,,,,,,,
fight_VB,0.153570797,,,,,fight_VB,0.153570797,,fight_VB,0.153570797,,because_RB,0.238823134,,,,,,,,,,,,,,,,
achieve_VB,0.152059781,,,,,achieve_VB,0.152059781,,achieve_VB,0.152059781,,members_NNS,0.236979411,,,,,,,,,,,,,,,,
lost_VBN,0.146256873,,,,,lost_VBN,0.146256873,,lost_VBN,0.146256873,,3_CD,0.23642829,,,,,,,,,,,,,,,,
cost_NN,0.142593315,,,,,cost_NN,0.142593315,,cost_NN,0.142593315,,here's_RB,0.235398246,,,,,,,,,,,,,,,,
applause_NN,0.142577087,,,,,applause_NN,0.142577087,,applause_NN,0.142577087,,it's_PPS,0.234727063,,,,,,,,,,,,,,,,
interest_NN,0.132902474,,,,,interest_NN,0.132902474,,interest_NN,0.132902474,,try_VB,0.234084846,,,,,,,,,,,,,,,,
to_TO,0.132682396,,,,,to_TO,0.132682396,,to_TO,0.132682396,,deficit_NN,0.233529517,,,,,,,,,,,,,,,,
longer_RBR,0.132128452,,,,,longer_RBR,0.132128452,,longer_RBR,0.132128452,,down_RP,0.23338286,,,,,,,,,,,,,,,,
available_JJ,0.131480725,,,,,available_JJ,0.131480725,,available_JJ,0.131480725,,main_JJS,0.233094907,,,,,,,,,,,,,,,,
challenge_NN,0.130012657,,,,,challenge_NN,0.130012657,,challenge_NN,0.130012657,,hard_RB,0.232590592,,,,,,,,,,,,,,,,
that_WPS,0.129545376,,,,,that_WPS,0.129545376,,that_WPS,0.129545376,,able_JJ,0.232172336,,,,,,,,,,,,,,,,
streets_NNS,0.124807066,,,,,streets_NNS,0.124807066,,streets_NNS,0.124807066,,change_NN,0.232098805,,,,,,,,,,,,,,,,
drug_NN,0.124397965,,,,,drug_NN,0.124397965,,,,,see_VB,0.231969635,,,,,,,,,,,,,,,,
spending_VBG,0.119473344,,,,,spending_VBG,FALSE,,,,,tuition_NN,0.229055565,,,,,,,,,,,,,,,,
access_NN,0.117282169,,,,,access_NN,FALSE,,,,,there's_EX,0.228729408,,,,,,,,,,,,,,,,
join_VB,0.11673118,,,,,join_VB,FALSE,,,,,what's_WDT.,0.228371661,,,,,,,,,,,,,,,,
system_NN,0.115690332,,,,,system_NN,FALSE,,,,,10_CD,0.226938317,,,,,,,,,,,,,,,,
decision_NN,0.107549152,,,,,decision_NN,FALSE,,,,,bless_VB,0.225808142,,,,,,,,,,,,,,,,
reform_NN,0.095571425,,,,,reform_NN,FALSE,,,,,same_AP,0.225402863,,,,,,,,,,,,,,,,
bring_VB,0.09528401,,,,,bring_VB,FALSE,,,,,republicans_NPS,0.223934784,,,,,,,,,,,,,,,,
liberty_NN,0.094799896,,,,,liberty_NN,FALSE,,,,,colleges_NNS,0.223156271,,,,,,,,,,,,,,,,
learned_VBD,0.092317009,,,,,learned_VBD,FALSE,,,,,corporations_NNS,0.221083348,,,,,,,,,,,,,,,,
number_NN,0.092189857,,,,,number_NN,FALSE,,,,,election_NN,0.219677847,,,,,,,,,,,,,,,,
deserve_VB,0.088759406,,,,,deserve_VB,FALSE,,,,,audience_NN,0.219566484,,,,,,,,,,,,,,,,
less_QL,0.088222832,,,,,less_QL,FALSE,,,,,you've_PPSS,0.219448947,,,,,,,,,,,,,,,,
let_VB,0.085556388,,,,,let_VB,FALSE,,,,,some_DTI,0.217762382,,,,,,,,,,,,,,,,
cut_VB,0.084884411,,,,,cut_VB,FALSE,,,,,2008_CD,0.217406702,,,,,,,,,,,,,,,,
money_NN,0.084571796,,,,,money_NN,FALSE,,,,,up_RP,0.216340433,,,,,,,,,,,,,,,,
forget_VB,0.084275154,,,,,forget_VB,FALSE,,,,,depression_NN,0.215746659,,,,,,,,,,,,,,,,
known_VBN,0.081919383,,,,,known_VBN,FALSE,,,,,made_VBD,0.21523136,,,,,,,,,,,,,,,,
offer_VB,0.081892276,,,,,offer_VB,FALSE,,,,,century_NN,0.210280425,,,,,,,,,,,,,,,,
i'm_PPSS,0.081570291,,,,,i'm_PPSS,FALSE,,,,,asking_VBG,0.209834959,,,,,,,,,,,,,,,,
plans_NNS,0.081312336,,,,,plans_NNS,FALSE,,,,,idea_NN,0.209780069,,,,,,,,,,,,,,,,
retirement_NN,0.081236176,,,,,retirement_NN,FALSE,,,,,reason_NN,0.209610208,,,,,,,,,,,,,,,,
every_AT,0.080707352,,,,,every_AT,FALSE,,,,,they've_PPSS,0.209328281,,,,,,,,,,,,,,,,
higher_JJR,0.080522801,,,,,higher_JJR,FALSE,,,,,class_NN,0.208610337,,,,,,,,,,,,,,,,
i_PPSS,0.079539891,,,,,i_PPSS,FALSE,,,,,united_VBN,0.207840699,,,,,,,,,,,,,,,,
third_OD,0.078995302,,,,,third_OD,FALSE,,,,,working_VBG,0.207644934,,,,,,,,,,,,,,,,
republican_JJ,0.078657314,,,,,republican_JJ,FALSE,,,,,you'll_PPSS,0.207524554,,,,,,,,,,,,,,,,
first_OD,0.078337063,,,,,first_OD,FALSE,,,,,when_WRB,0.20689855,,,,,,,,,,,,,,,,
least_AP,0.07741648,,,,,least_AP,FALSE,,,,,can't_MD,0.203719568,,,,,,,,,,,,,,,,
require_VB,0.076656587,,,,,require_VB,FALSE,,,,,give_VB,0.203493051,,,,,,,,,,,,,,,,
bill_NP,0.076239511,,,,,bill_NP,FALSE,,,,,john_NP,0.199739287,,,,,,,,,,,,,,,,
three_CD,0.075108248,,,,,three_CD,FALSE,,,,,cuts_VBZ,0.198266971,,,,,,,,,,,,,,,,
ones_NNS,0.069833882,,,,,ones_NNS,FALSE,,,,,anybody_PN,0.197661084,,,,,,,,,,,,,,,,
though_CS,0.069044872,,,,,though_CS,FALSE,,,,,they'll_PPSS,0.197337836,,,,,,,,,,,,,,,,
mission_NN,0.06433456,,,,,mission_NN,FALSE,,,,,look_VB,0.19670318,,,,,,,,,,,,,,,,
stronger_JJR,0.064270249,,,,,stronger_JJR,FALSE,,,,,looking_VBG,0.196485836,,,,,,,,,,,,,,,,
having_HVG,0.064036315,,,,,having_HVG,FALSE,,,,,250_CD,0.196176056,,,,,,,,,,,,,,,,
even_RB,0.05999747,,,,,even_RB,FALSE,,,,,getting_VBG,0.196056975,,,,,,,,,,,,,,,,
rates_NNS,0.059983347,,,,,rates_NNS,FALSE,,,,,that_DT,0.195243828,,,,,,,,,,,,,,,,
risk_NN,0.056870958,,,,,risk_NN,FALSE,,,,,make_VB,0.195218886,,,,,,,,,,,,,,,,
law_NN,0.055905404,,,,,law_NN,FALSE,,,,,or_CC,0.194185953,,,,,,,,,,,,,,,,
meet_VB,0.055741939,,,,,meet_VB,FALSE,,,,,making_VBG,0.1941007,,,,,,,,,,,,,,,,
country_NN,0.055036803,,,,,country_NN,FALSE,,,,,politics_NN,0.193957945,,,,,,,,,,,,,,,,
it_PPO,0.054712504,,,,,it_PPO,FALSE,,,,,years_NNS,0.193466478,,,,,,,,,,,,,,,,
parents_NNS,0.054128633,,,,,parents_NNS,FALSE,,,,,auto_NN,0.192939257,,,,,,,,,,,,,,,,
strength_NN,0.052926659,,,,,strength_NN,FALSE,,,,,come_VB,0.192494088,,,,,,,,,,,,,,,,
opportunity_NN,0.05251325,,,,,opportunity_NN,FALSE,,,,,actually_RB,0.191510377,,,,,,,,,,,,,,,,
medical_JJ,0.051922965,,,,,medical_JJ,FALSE,,,,,doors_NNS,0.190938714,,,,,,,,,,,,,,,,
parties_NNS,0.051009779,,,,,parties_NNS,FALSE,,,,,back_RB,0.190909385,,,,,,,,,,,,,,,,
prices_NNS,0.049284215,,,,,prices_NNS,FALSE,,,,,easy_JJ,0.189330984,,,,,,,,,,,,,,,,
yes_RB,0.048332296,,,,,yes_RB,FALSE,,,,,top_NN,0.189077315,,,,,,,,,,,,,,,,
me_PPO,0.046833508,,,,,me_PPO,FALSE,,,,,don't_DO,0.188292941,,,,,,,,,,,,,,,,
truth_NN,0.046756092,,,,,truth_NN,FALSE,,,,,but_CC,0.186081529,,,,,,,,,,,,,,,,
values_NNS,0.046444239,,,,,values_NNS,FALSE,,,,,thing_NN,0.186068114,,,,,,,,,,,,,,,,
put_VB,0.044742554,,,,,put_VB,FALSE,,,,,communities_NNS,0.185258392,,,,,,,,,,,,,,,,
share_NN,0.044557497,,,,,share_NN,FALSE,,,,,maybe_RB,0.184473565,,,,,,,,,,,,,,,,
created_VBN,0.044034555,,,,,created_VBN,FALSE,,,,,still_RB,0.184163815,,,,,,,,,,,,,,,,
only_AP,0.042542334,,,,,only_AP,FALSE,,,,,neighbors_NNS,0.18389545,,,,,,,,,,,,,,,,
hard_JJ,0.041773226,,,,,hard_JJ,FALSE,,,,,running_VBG,0.18368359,,,,,,,,,,,,,,,,
too_RB,0.040892869,,,,,too_RB,FALSE,,,,,middle_JJ,0.183079826,,,,,,,,,,,,,,,,
couple_NN,0.040211363,,,,,couple_NN,FALSE,,,,,i'll_PPSS,0.182938787,,,,,,,,,,,,,,,,
student_NN,0.040000466,,,,,student_NN,FALSE,,,,,kids_NNS,0.181452079,,,,,,,,,,,,,,,,
spend_VB,0.037482759,,,,,spend_VB,FALSE,,,,,banks_NNS,0.181353809,,,,,,,,,,,,,,,,
ability_NN,0.037010573,,,,,ability_NN,FALSE,,,,,workers_NNS,0.181265468,,,,,,,,,,,,,,,,
economic_JJ,0.036231182,,,,,economic_JJ,FALSE,,,,,invest_VB,0.181004939,,,,,,,,,,,,,,,,
buy_VB,0.036169795,,,,,buy_VB,FALSE,,,,,stay_VB,0.178884042,,,,,,,,,,,,,,,,
drugs_NNS,0.035219509,,,,,drugs_NNS,FALSE,,,,,started_VBD,0.178103691,,,,,,,,,,,,,,,,
spirit_NN,0.034152627,,,,,spirit_NN,FALSE,,,,,saw_VBD,0.177304403,,,,,,,,,,,,,,,,
thought_VBD,0.033730042,,,,,thought_VBD,FALSE,,,,,said_VBD,0.176729018,,,,,,,,,,,,,,,,
it_PPS,0.033477357,,,,,it_PPS,FALSE,,,,,work_NN,0.17603897,,,,,,,,,,,,,,,,
500_CD,0.030574538,,,,,500_CD,FALSE,,,,,generation_NN,0.175642503,,,,,,,,,,,,,,,,
person_NN,0.030189868,,,,,person_NN,FALSE,,,,,months_NNS,0.175102112,,,,,,,,,,,,,,,,
question_NN,0.028605314,,,,,question_NN,FALSE,,,,,wealthy_JJ,0.172277874,,,,,,,,,,,,,,,,
second_OD,0.027809611,,,,,second_OD,FALSE,,,,,million_CD,0.171920147,,,,,,,,,,,,,,,,
resources_NNS,0.0258529,,,,,resources_NNS,FALSE,,,,,skills_NNS,0.170867414,,,,,,,,,,,,,,,,
each_DT,0.025697275,,,,,each_DT,FALSE,,,,,wants_VBZ,0.170706967,,,,,,,,,,,,,,,,
worker_NN,0.025645476,,,,,worker_NN,FALSE,,,,,know_VB,0.169891399,,,,,,,,,,,,,,,,
won't_MD,0.025639929,,,,,won't_MD,FALSE,,,,,philosophy_NN,0.169563564,,,,,,,,,,,,,,,,
take_VB,0.024173688,,,,,take_VB,FALSE,,,,,move_VB,0.168886142,,,,,,,,,,,,,,,,
had_HVD,0.023694788,,,,,had_HVD,FALSE,,,,,grow_VB,0.168173263,,,,,,,,,,,,,,,,
restore_VB,0.021886492,,,,,restore_VB,FALSE,,,,,states_NNS,0.167469258,,,,,,,,,,,,,,,,
times_NNS,0.021863699,,,,,times_NNS,FALSE,,,,,standing_VBG,0.167211213,,,,,,,,,,,,,,,,
clean_JJ,0.021150626,,,,,clean_JJ,FALSE,,,,,giving_VBG,0.166136566,,,,,,,,,,,,,,,,
half_ABN,0.020745924,,,,,half_ABN,FALSE,,,,,passed_VBD,0.164886205,,,,,,,,,,,,,,,,
four_CD,0.02041363,,,,,four_CD,FALSE,,,,,romney_NN,0.163619961,,,,,,,,,,,,,,,,
choice_NN,0.020144492,,,,,choice_NN,FALSE,,,,,building_VBG,0.162557356,,,,,,,,,,,,,,,,
feel_VB,0.018422088,,,,,feel_VB,FALSE,,,,,uniform_NN,0.160899399,,,,,,,,,,,,,,,,
poverty_NN,0.018182017,,,,,poverty_NN,FALSE,,,,,community_NN,0.160216768,,,,,,,,,,,,,,,,
tax_NN,0.017727134,,,,,tax_NN,FALSE,,,,,i've_PPSS,0.159949272,,,,,,,,,,,,,,,,
a_AT,0.016004487,,,,,a_AT,FALSE,,,,,outstanding_JJ,0.159143487,,,,,,,,,,,,,,,,
job_NN,0.015030145,,,,,job_NN,FALSE,,,,,worked_VBD,0.158461518,,,,,,,,,,,,,,,,
crisis_NN,0.013773536,,,,,crisis_NN,FALSE,,,,,pay_VB,0.157649824,,,,,,,,,,,,,,,,
at_IN,0.013690605,,,,,at_IN,FALSE,,,,,talking_VBG,0.156970777,,,,,,,,,,,,,,,,
lose_VB,0.011738163,,,,,lose_VB,FALSE,,,,,fighting_VBG,0.156174534,,,,,,,,,,,,,,,,
training_NN,0.010883541,,,,,training_NN,FALSE,,,,,say_VB,0.155945752,,,,,,,,,,,,,,,,
open_VB,0.008874643,,,,,open_VB,FALSE,,,,,street_NN,0.155762098,,,,,,,,,,,,,,,,
since_CS,0.008554607,,,,,since_CS,FALSE,,,,,investments_NNS,0.155714216,,,,,,,,,,,,,,,,
differences_NNS,0.006403645,,,,,differences_NNS,FALSE,,,,,got_VBN,0.155161958,,,,,,,,,,,,,,,,
send_VB,0.005295939,,,,,send_VB,FALSE,,,,,means_VBZ,0.153551494,,,,,,,,,,,,,,,,
middle-class_NN,0.003790285,,,,,middle-class_NN,FALSE,,,,,recession_NN,0.152046366,,,,,,,,,,,,,,,,
without_IN,0.003693307,,,,,without_IN,FALSE,,,,,renewable_JJ,0.151303761,,,,,,,,,,,,,,,,
was_BEDZ,0.003112286,,,,,was_BEDZ,FALSE,,,,,lobbyists_NNS,0.151265962,,,,,,,,,,,,,,,,
innovation_NN,0.002582243,,,,,innovation_NN,FALSE,,,,,it's_NP$,0.150693666,,,,,,,,,,,,,,,,
little_JJ,0.001771749,,,,,little_JJ,FALSE,,,,,stake_NN,0.150100753,,,,,,,,,,,,,,,,
entire_JJ,0.001669885,,,,,entire_JJ,FALSE,,,,,member_NN,0.149328814,,,,,,,,,,,,,,,,
on_IN,0.001212556,,,,,on_IN,FALSE,,,,,dream_NN,0.148898894,,,,,,,,,,,,,,,,
like_VB,0.0010079,,,,,like_VB,FALSE,,,,,doesn't_DOZ,0.148454846,,,,,,,,,,,,,,,,
,,,,,,,,,,,,do_DO,0.147917654,,,,,,,,,,,,,,,,
,,,,,,,,,,,,infrastructure_NN,0.147903954,,,,,,,,,,,,,,,,
,,,,,,,,,,,,month_NN,0.147486337,,,,,,,,,,,,,,,,
,,,,,,,,,,,,being_BEG,0.146114599,,,,,,,,,,,,,,,,
,,,,,,,,,,,,put_VBD,0.145908601,,,,,,,,,,,,,,,,
,,,,,,,,,,,,comes_VBZ,0.145714669,,,,,,,,,,,,,,,,
,,,,,,,,,,,,something_PN,0.144964036,,,,,,,,,,,,,,,,
,,,,,,,,,,,,may_MD,0.144952479,,,,,,,,,,,,,,,,
,,,,,,,,,,,,happens_VBZ,0.143730824,,,,,,,,,,,,,,,,
,,,,,,,,,,,,decades_NNS,0.143240411,,,,,,,,,,,,,,,,
,,,,,,,,,,,,are_BER,0.142834445,,,,,,,,,,,,,,,,
,,,,,,,,,,,,you_PPO,0.142662659,,,,,,,,,,,,,,,,
,,,,,,,,,,,,applause_NN,0.142577087,,,,,,,,,,,,,,,,
,,,,,,,,,,,,she_PPS,0.142567678,,,,,,,,,,,,,,,,
,,,,,,,,,,,,works_VBZ,0.142085241,,,,,,,,,,,,,,,,
,,,,,,,,,,,,relief_NN,0.141840155,,,,,,,,,,,,,,,,
,,,,,,,,,,,,1_CD,0.141263348,,,,,,,,,,,,,,,,
,,,,,,,,,,,,out_RP,0.14123718,,,,,,,,,,,,,,,,
,,,,,,,,,,,,finally_RB,0.138854689,,,,,,,,,,,,,,,,
,,,,,,,,,,,,trying_VBG,0.138775777,,,,,,,,,,,,,,,,
,,,,,,,,,,,,compete_VB,0.138510167,,,,,,,,,,,,,,,,
,,,,,,,,,,,,over_IN,0.13838239,,,,,,,,,,,,,,,,
,,,,,,,,,,,,where_WRB,0.138174471,,,,,,,,,,,,,,,,
,,,,,,,,,,,,turn_VB,0.137650959,,,,,,,,,,,,,,,,
,,,,,,,,,,,,start_VB,0.137511779,,,,,,,,,,,,,,,,
,,,,,,,,,,,,challenges_NNS,0.137435799,,,,,,,,,,,,,,,,
,,,,,,,,,,,,led_VBD,0.137359823,,,,,,,,,,,,,,,,
,,,,,,,,,,,,i'd_PPSS,0.136455512,,,,,,,,,,,,,,,,
,,,,,,,,,,,,research_NN,0.13581962,,,,,,,,,,,,,,,,
,,,,,,,,,,,,fought_VBD,0.13573278,,,,,,,,,,,,,,,,
,,,,,,,,,,,,understand_VB,0.134431232,,,,,,,,,,,,,,,,
,,,,,,,,,,,,love_VB,0.134028983,,,,,,,,,,,,,,,,
,,,,,,,,,,,,lot_NN,0.133353816,,,,,,,,,,,,,,,,
,,,,,,,,,,,,well_UH,0.133099265,,,,,,,,,,,,,,,,
,,,,,,,,,,,,rebuild_VB,0.132830359,,,,,,,,,,,,,,,,
,,,,,,,,,,,,to_TO,0.132682396,,,,,,,,,,,,,,,,
,,,,,,,,,,,,helping_VBG,0.13093311,,,,,,,,,,,,,,,,
,,,,,,,,,,,,wouldn't_MD,0.130286942,,,,,,,,,,,,,,,,
,,,,,,,,,,,,that_WPS,0.129545376,,,,,,,,,,,,,,,,
,,,,,,,,,,,,home_NR,0.129347011,,,,,,,,,,,,,,,,
,,,,,,,,,,,,about_RB,0.129082031,,,,,,,,,,,,,,,,
,,,,,,,,,,,,think_VB,0.128418413,,,,,,,,,,,,,,,,
,,,,,,,,,,,,met_VBD,0.128377314,,,,,,,,,,,,,,,,
,,,,,,,,,,,,education_NN,0.127818186,,,,,,,,,,,,,,,,
,,,,,,,,,,,,more_AP,0.127742982,,,,,,,,,,,,,,,,
,,,,,,,,,,,,manufacturing_VBG,0.127515437,,,,,,,,,,,,,,,,
,,,,,,,,,,,,industry_NN,0.12743313,,,,,,,,,,,,,,,,
,,,,,,,,,,,,matter_NN,0.126827811,,,,,,,,,,,,,,,,
,,,,,,,,,,,,struggling_VBG,0.126440059,,,,,,,,,,,,,,,,
,,,,,,,,,,,,mother_NN,0.126071923,,,,,,,,,,,,,,,,
,,,,,,,,,,,,deal_NN,0.124974814,,,,,,,,,,,,,,,,
,,,,,,,,,,,,streets_NNS,0.124807066,,,,,,,,,,,,,,,,
,,,,,,,,,,,,couldn't_MD,0.124652654,,,,,,,,,,,,,,,,
,,,,,,,,,,,,last_AP,0.124640496,,,,,,,,,,,,,,,,
,,,,,,,,,,,,moment_NN,0.123467099,,,,,,,,,,,,,,,,
,,,,,,,,,,,,vote_VB,0.123279424,,,,,,,,,,,,,,,,
,,,,,,,,,,,,talk_VB,0.123220587,,,,,,,,,,,,,,,,
,,,,,,,,,,,,harder_RBR,0.123092212,,,,,,,,,,,,,,,,
,,,,,,,,,,,,road_NN,0.122784891,,,,,,,,,,,,,,,,
,,,,,,,,,,,,strong_JJ,0.121718904,,,,,,,,,,,,,,,,
,,,,,,,,,,,,end_VB,0.1216305,,,,,,,,,,,,,,,,
,,,,,,,,,,,,around_IN,0.121440069,,,,,,,,,,,,,,,,
,,,,,,,,,,,,union_NN,0.121237846,,,,,,,,,,,,,,,,
,,,,,,,,,,,,millions_NNS,0.120854178,,,,,,,,,,,,,,,,
,,,,,,,,,,,,seniors_NNS,0.12045768,,,,,,,,,,,,,,,,
,,,,,,,,,,,,thousands_NNS,0.119098571,,,,,,,,,,,,,,,,
,,,,,,,,,,,,heard_VBD,0.118289811,,,,,,,,,,,,,,,,
,,,,,,,,,,,,woman_NN,0.11828614,,,,,,,,,,,,,,,,
,,,,,,,,,,,,coming_VBG,0.116443627,,,,,,,,,,,,,,,,
,,,,,,,,,,,,her_PP$,0.11641519,,,,,,,,,,,,,,,,
,,,,,,,,,,,,bit_NN,0.116321342,,,,,,,,,,,,,,,,
,,,,,,,,,,,,far_RB,0.116067056,,,,,,,,,,,,,,,,
,,,,,,,,,,,,hear_VB,0.116004037,,,,,,,,,,,,,,,,
,,,,,,,,,,,,walk_VB,0.115550546,,,,,,,,,,,,,,,,
,,,,,,,,,,,,since_IN,0.11534866,,,,,,,,,,,,,,,,
,,,,,,,,,,,,afghanistan_NP,0.112738616,,,,,,,,,,,,,,,,
,,,,,,,,,,,,who_WPS,0.112609048,,,,,,,,,,,,,,,,
,,,,,,,,,,,,listen_VB,0.112453444,,,,,,,,,,,,,,,,
,,,,,,,,,,,,stood_VBD,0.112450348,,,,,,,,,,,,,,,,
,,,,,,,,,,,,somebody_PN,0.112404758,,,,,,,,,,,,,,,,
,,,,,,,,,,,,cuts_NNS,0.112350321,,,,,,,,,,,,,,,,
,,,,,,,,,,,,regulations_NNS,0.111843089,,,,,,,,,,,,,,,,
,,,,,,,,,,,,steps_NNS,0.111821139,,,,,,,,,,,,,,,,
,,,,,,,,,,,,about_IN,0.111538842,,,,,,,,,,,,,,,,
,,,,,,,,,,,,local_JJ,0.111368005,,,,,,,,,,,,,,,,
,,,,,,,,,,,,time_NN,0.110389863,,,,,,,,,,,,,,,,
,,,,,,,,,,,,al_NP,0.110050467,,,,,,,,,,,,,,,,
,,,,,,,,,,,,thanks_NNS,0.109462326,,,,,,,,,,,,,,,,
,,,,,,,,,,,,they_PPSS,0.109429344,,,,,,,,,,,,,,,,
,,,,,,,,,,,,says_VBZ,0.108130541,,,,,,,,,,,,,,,,
,,,,,,,,,,,,like_CS,0.107445486,,,,,,,,,,,,,,,,
,,,,,,,,,,,,goes_VBZ,0.106118019,,,,,,,,,,,,,,,,
,,,,,,,,,,,,putting_VBG,0.105369912,,,,,,,,,,,,,,,,
,,,,,,,,,,,,eight_CD,0.10497526,,,,,,,,,,,,,,,,
,,,,,,,,,,,,jobs_NNS,0.104925281,,,,,,,,,,,,,,,,
,,,,,,,,,,,,part_NN,0.104206424,,,,,,,,,,,,,,,,
,,,,,,,,,,,,shouldn't_MD,0.103452277,,,,,,,,,,,,,,,,
,,,,,,,,,,,,women_NNS,0.102671293,,,,,,,,,,,,,,,,
,,,,,,,,,,,,promise_NN,0.101831907,,,,,,,,,,,,,,,,
,,,,,,,,,,,,company_NN,0.101750453,,,,,,,,,,,,,,,,
,,,,,,,,,,,,less_AP,0.100663563,,,,,,,,,,,,,,,,
,,,,,,,,,,,,profits_NNS,0.100619464,,,,,,,,,,,,,,,,
,,,,,,,,,,,,help_VB,0.100017806,,,,,,,,,,,,,,,,
,,,,,,,,,,,,gets_VBZ,0.099919175,,,,,,,,,,,,,,,,
,,,,,,,,,,,,after_CS,0.099063944,,,,,,,,,,,,,,,,
,,,,,,,,,,,,tried_VBD,0.098736927,,,,,,,,,,,,,,,,
,,,,,,,,,,,,change_VB,0.098565185,,,,,,,,,,,,,,,,
,,,,,,,,,,,,cars_NNS,0.098408176,,,,,,,,,,,,,,,,
,,,,,,,,,,,,homes_NNS,0.098238823,,,,,,,,,,,,,,,,
,,,,,,,,,,,,get_VB,0.097179393,,,,,,,,,,,,,,,,
,,,,,,,,,,,,eliminate_VB,0.096708443,,,,,,,,,,,,,,,,
,,,,,,,,,,,,responsible_JJ,0.096130444,,,,,,,,,,,,,,,,
,,,,,,,,,,,,iowa_NP,0.095615245,,,,,,,,,,,,,,,,
,,,,,,,,,,,,dreams_NNS,0.094811823,,,,,,,,,,,,,,,,
,,,,,,,,,,,,went_VBD,0.094307292,,,,,,,,,,,,,,,,
,,,,,,,,,,,,sure_RB,0.094037256,,,,,,,,,,,,,,,,
,,,,,,,,,,,,cities_NNS,0.093897366,,,,,,,,,,,,,,,,
,,,,,,,,,,,,20_CD,0.093221618,,,,,,,,,,,,,,,,
,,,,,,,,,,,,wall_NN,0.092803003,,,,,,,,,,,,,,,,
,,,,,,,,,,,,story_NN,0.091908814,,,,,,,,,,,,,,,,
,,,,,,,,,,,,he's_PPS,0.091299368,,,,,,,,,,,,,,,,
,,,,,,,,,,,,policies_NNS,0.090833077,,,,,,,,,,,,,,,,
,,,,,,,,,,,,overseas_RB,0.090527175,,,,,,,,,,,,,,,,
,,,,,,,,,,,,rules_NNS,0.089848959,,,,,,,,,,,,,,,,
,,,,,,,,,,,,lost_VBD,0.089715595,,,,,,,,,,,,,,,,
,,,,,,,,,,,,act_NN,0.089698795,,,,,,,,,,,,,,,,
,,,,,,,,,,,,already_RB,0.089334332,,,,,,,,,,,,,,,,
,,,,,,,,,,,,helped_VBD,0.089115826,,,,,,,,,,,,,,,,
,,,,,,,,,,,,side_NN,0.088941282,,,,,,,,,,,,,,,,
,,,,,,,,,,,,days_NNS,0.088086053,,,,,,,,,,,,,,,,
,,,,,,,,,,,,succeed_VB,0.087757467,,,,,,,,,,,,,,,,
,,,,,,,,,,,,off_RP,0.087469184,,,,,,,,,,,,,,,,
,,,,,,,,,,,,else_RB,0.087201799,,,,,,,,,,,,,,,,
,,,,,,,,,,,,whether_CS,0.08682362,,,,,,,,,,,,,,,,
,,,,,,,,,,,,Year,0.086749999,,,,,,,,,,,,,,,,
,,,,,,,,,,,,ahead_RB,0.085939584,,,,,,,,,,,,,,,,
,,,,,,,,,,,,governor_NN,0.085701842,,,,,,,,,,,,,,,,
,,,,,,,,,,,,sector_NN,0.08568645,,,,,,,,,,,,,,,,
,,,,,,,,,,,,pay_NN,0.083671296,,,,,,,,,,,,,,,,
,,,,,,,,,,,,remember_VB,0.083152076,,,,,,,,,,,,,,,,
,,,,,,,,,,,,god_NP,0.082924124,,,,,,,,,,,,,,,,
,,,,,,,,,,,,hire_VB,0.082643566,,,,,,,,,,,,,,,,
,,,,,,,,,,,,poor_JJ,0.082638801,,,,,,,,,,,,,,,,
,,,,,,,,,,,,few_AP,0.082000902,,,,,,,,,,,,,,,,
,,,,,,,,,,,,’_BEM,0.081925745,,,,,,,,,,,,,,,,
,,,,,,,,,,,,ask_VB,0.081910502,,,,,,,,,,,,,,,,
,,,,,,,,,,,,i'm_PPSS,0.081570291,,,,,,,,,,,,,,,,
,,,,,,,,,,,,believe_VB,0.081303958,,,,,,,,,,,,,,,,
,,,,,,,,,,,,run_VB,0.081093528,,,,,,,,,,,,,,,,
,,,,,,,,,,,,wind_NN,0.081089868,,,,,,,,,,,,,,,,
,,,,,,,,,,,,gas_NN,0.080074948,,,,,,,,,,,,,,,,
,,,,,,,,,,,,going_VBG,0.07960954,,,,,,,,,,,,,,,,
,,,,,,,,,,,,stop_VB,0.07868592,,,,,,,,,,,,,,,,
,,,,,,,,,,,,right_RB,0.078528563,,,,,,,,,,,,,,,,
,,,,,,,,,,,,there_RB,0.078467976,,,,,,,,,,,,,,,,
,,,,,,,,,,,,most_AP,0.078246193,,,,,,,,,,,,,,,,
,,,,,,,,,,,,aren't_BER,0.078181473,,,,,,,,,,,,,,,,
,,,,,,,,,,,,hand_NN,0.078008096,,,,,,,,,,,,,,,,
,,,,,,,,,,,,math_NN,0.077709684,,,,,,,,,,,,,,,,
,,,,,,,,,,,,threats_NNS,0.077526804,,,,,,,,,,,,,,,,
,,,,,,,,,,,,didn't_DOD,0.076618695,,,,,,,,,,,,,,,,
,,,,,,,,,,,,haven't_HV,0.076153204,,,,,,,,,,,,,,,,
,,,,,,,,,,,,biggest_JJT,0.076138588,,,,,,,,,,,,,,,,
,,,,,,,,,,,,war_NN,0.075938532,,,,,,,,,,,,,,,,
,,,,,,,,,,,,way_NN,0.075879983,,,,,,,,,,,,,,,,
,,,,,,,,,,,,beyond_IN,0.075875487,,,,,,,,,,,,,,,,
,,,,,,,,,,,,washington_NP,0.075874152,,,,,,,,,,,,,,,,
,,,,,,,,,,,,isn't_BEZ,0.075627109,,,,,,,,,,,,,,,,
,,,,,,,,,,,,paying_VBG,0.074956053,,,,,,,,,,,,,,,,
,,,,,,,,,,,,ve_HV,0.074649175,,,,,,,,,,,,,,,,
,,,,,,,,,,,,seen_VBN,0.074636168,,,,,,,,,,,,,,,,
,,,,,,,,,,,,bills_NNS,0.074528864,,,,,,,,,,,,,,,,
,,,,,,,,,,,,continue_VB,0.074198178,,,,,,,,,,,,,,,,
,,,,,,,,,,,,no_RB,0.073960063,,,,,,,,,,,,,,,,
,,,,,,,,,,,,plan_NN,0.073369407,,,,,,,,,,,,,,,,
,,,,,,,,,,,,code_NN,0.072929971,,,,,,,,,,,,,,,,
,,,,,,,,,,,,old_JJ,0.072853971,,,,,,,,,,,,,,,,
,,,,,,,,,,,,really_RB,0.072317911,,,,,,,,,,,,,,,,
,,,,,,,,,,,,called_VBD,0.07231043,,,,,,,,,,,,,,,,
,,,,,,,,,,,,wasn't_BEDZ,0.072112649,,,,,,,,,,,,,,,,
,,,,,,,,,,,,us_PPO,0.071766749,,,,,,,,,,,,,,,,
,,,,,,,,,,,,weeks_NNS,0.071188019,,,,,,,,,,,,,,,,
,,,,,,,,,,,,another_DT,0.070849387,,,,,,,,,,,,,,,,
,,,,,,,,,,,,tonight_NR,0.070550733,,,,,,,,,,,,,,,,
,,,,,,,,,,,,insurance_NN,0.070433177,,,,,,,,,,,,,,,,
,,,,,,,,,,,,earth_NN,0.070393987,,,,,,,,,,,,,,,,
,,,,,,,,,,,,different_JJ,0.070040651,,,,,,,,,,,,,,,,
,,,,,,,,,,,,politicians_NNS,0.06989686,,,,,,,,,,,,,,,,
,,,,,,,,,,,,also_RB,0.069838974,,,,,,,,,,,,,,,,
,,,,,,,,,,,,built_VBN,0.069157265,,,,,,,,,,,,,,,,
,,,,,,,,,,,,though_CS,0.069044872,,,,,,,,,,,,,,,,
,,,,,,,,,,,,year_NN,0.068992978,,,,,,,,,,,,,,,,
,,,,,,,,,,,,did_DOD,0.068940916,,,,,,,,,,,,,,,,
,,,,,,,,,,,,re_RB,0.068609059,,,,,,,,,,,,,,,,
,,,,,,,,,,,,child_NN,0.068547622,,,,,,,,,,,,,,,,
,,,,,,,,,,,,george_NP,0.068476352,,,,,,,,,,,,,,,,
,,,,,,,,,,,,cutting_VBG,0.068234534,,,,,,,,,,,,,,,,
,,,,,,,,,,,,began_VBD,0.067994893,,,,,,,,,,,,,,,,
,,,,,,,,,,,,tomorrow_NR,0.067852816,,,,,,,,,,,,,,,,
,,,,,,,,,,,,fair_JJ,0.067257862,,,,,,,,,,,,,,,,
,,,,,,,,,,,,’_NIL,0.066661795,,,,,,,,,,,,,,,,
,,,,,,,,,,,,democrats_NPS,0.066330837,,,,,,,,,,,,,,,,
,,,,,,,,,,,,level_NN,0.06628918,,,,,,,,,,,,,,,,
,,,,,,,,,,,,themselves_PPLS,0.066079225,,,,,,,,,,,,,,,,
,,,,,,,,,,,,affordable_JJ,0.065829712,,,,,,,,,,,,,,,,
,,,,,,,,,,,,billions_NNS,0.065175482,,,,,,,,,,,,,,,,
,,,,,,,,,,,,night_NN,0.065076209,,,,,,,,,,,,,,,,
,,,,,,,,,,,,big_JJ,0.065004726,,,,,,,,,,,,,,,,
,,,,,,,,,,,,30_CD,0.064698972,,,,,,,,,,,,,,,,
,,,,,,,,,,,,5_CD,0.064407463,,,,,,,,,,,,,,,,
,,,,,,,,,,,,mean_VB,0.06430587,,,,,,,,,,,,,,,,
,,,,,,,,,,,,order_NN,0.064193107,,,,,,,,,,,,,,,,
,,,,,,,,,,,,having_HVG,0.064036315,,,,,,,,,,,,,,,,
,,,,,,,,,,,,health_NN,0.063702818,,,,,,,,,,,,,,,,
,,,,,,,,,,,,build_VB,0.063700188,,,,,,,,,,,,,,,,
,,,,,,,,,,,,september_NP,0.063341639,,,,,,,,,,,,,,,,
,,,,,,,,,,,,provide_VB,0.06291911,,,,,,,,,,,,,,,,
,,,,,,,,,,,,changes_NNS,0.062319212,,,,,,,,,,,,,,,,
,,,,,,,,,,,,your_PP$,0.062192183,,,,,,,,,,,,,,,,
,,,,,,,,,,,,moving_VBG,0.062165227,,,,,,,,,,,,,,,,
,,,,,,,,,,,,next_AP,0.061108128,,,,,,,,,,,,,,,,
,,,,,,,,,,,,decide_VB,0.061066396,,,,,,,,,,,,,,,,
,,,,,,,,,,,,economy_NN,0.060846254,,,,,,,,,,,,,,,,
,,,,,,,,,,,,dignity_NN,0.060596044,,,,,,,,,,,,,,,,
,,,,,,,,,,,,fact_NN,0.060516236,,,,,,,,,,,,,,,,
,,,,,,,,,,,,her_PPO,0.060272821,,,,,,,,,,,,,,,,
,,,,,,,,,,,,face_VB,0.059642918,,,,,,,,,,,,,,,,
,,,,,,,,,,,,one_CD,0.058651109,,,,,,,,,,,,,,,,
,,,,,,,,,,,,told_VBD,0.057965756,,,,,,,,,,,,,,,,
,,,,,,,,,,,,cut_VBN,0.057746624,,,,,,,,,,,,,,,,
,,,,,,,,,,,,makes_VBZ,0.057620798,,,,,,,,,,,,,,,,
,,,,,,,,,,,,science_NN,0.057485309,,,,,,,,,,,,,,,,
,,,,,,,,,,,,how_WQL,0.057242306,,,,,,,,,,,,,,,,
,,,,,,,,,,,,largest_JJT,0.057174073,,,,,,,,,,,,,,,,
,,,,,,,,,,,,sometimes_RB,0.056781715,,,,,,,,,,,,,,,,
,,,,,,,,,,,,reduce_VB,0.055374408,,,,,,,,,,,,,,,,
,,,,,,,,,,,,solar_JJ,0.055286966,,,,,,,,,,,,,,,,
,,,,,,,,,,,,pass_VB,0.055115286,,,,,,,,,,,,,,,,
,,,,,,,,,,,,country_NN,0.055036803,,,,,,,,,,,,,,,,
,,,,,,,,,,,,secretary_NN,0.054735914,,,,,,,,,,,,,,,,
,,,,,,,,,,,,no_QL,0.054692114,,,,,,,,,,,,,,,,
,,,,,,,,,,,,keep_VB,0.054052593,,,,,,,,,,,,,,,,
,,,,,,,,,,,,china_NP,0.053951418,,,,,,,,,,,,,,,,
,,,,,,,,,,,,commitment_NN,0.053445031,,,,,,,,,,,,,,,,
,,,,,,,,,,,,term_NN,0.053273893,,,,,,,,,,,,,,,,
,,,,,,,,,,,,took_VBD,0.052284609,,,,,,,,,,,,,,,,
,,,,,,,,,,,,troops_NNS,0.051552986,,,,,,,,,,,,,,,,
,,,,,,,,,,,,save_VB,0.050757745,,,,,,,,,,,,,,,,
,,,,,,,,,,,,behind_IN,0.050650793,,,,,,,,,,,,,,,,
,,,,,,,,,,,,’_RN,0.050462133,,,,,,,,,,,,,,,,
,,,,,,,,,,,,50_CD,0.050189233,,,,,,,,,,,,,,,,
,,,,,,,,,,,,people_NNS,0.050142588,,,,,,,,,,,,,,,,
,,,,,,,,,,,,responsibility_NN,0.049099947,,,,,,,,,,,,,,,,
,,,,,,,,,,,,strengthen_VB,0.049083678,,,,,,,,,,,,,,,,
,,,,,,,,,,,,wages_NNS,0.049043347,,,,,,,,,,,,,,,,
,,,,,,,,,,,,common_JJ,0.048528301,,,,,,,,,,,,,,,,
,,,,,,,,,,,,s_NIL,0.048380347,,,,,,,,,,,,,,,,
,,,,,,,,,,,,credit_NN,0.047977247,,,,,,,,,,,,,,,,
,,,,,,,,,,,,decisions_NNS,0.047666192,,,,,,,,,,,,,,,,
,,,,,,,,,,,,tough_JJ,0.046935212,,,,,,,,,,,,,,,,
,,,,,,,,,,,,whole_JJ,0.046855775,,,,,,,,,,,,,,,,
,,,,,,,,,,,,me_PPO,0.046833508,,,,,,,,,,,,,,,,
,,,,,,,,,,,,democracy_NN,0.046700561,,,,,,,,,,,,,,,,
,,,,,,,,,,,,learn_VB,0.046452549,,,,,,,,,,,,,,,,
,,,,,,,,,,,,gone_VBN,0.045761583,,,,,,,,,,,,,,,,
,,,,,,,,,,,,for_IN,0.045442832,,,,,,,,,,,,,,,,
,,,,,,,,,,,,000_CD,0.045380536,,,,,,,,,,,,,,,,
,,,,,,,,,,,,problems_NNS,0.045191527,,,,,,,,,,,,,,,,
,,,,,,,,,,,,vision_NN,0.044778869,,,,,,,,,,,,,,,,
,,,,,,,,,,,,ourselves_PPLS,0.04460791,,,,,,,,,,,,,,,,
,,,,,,,,,,,,ago_RB,0.044273946,,,,,,,,,,,,,,,,
,,,,,,,,,,,,mess_NN,0.04419686,,,,,,,,,,,,,,,,
,,,,,,,,,,,,so_RB,0.044071421,,,,,,,,,,,,,,,,
,,,,,,,,,,,,called_VBN,0.044063883,,,,,,,,,,,,,,,,
,,,,,,,,,,,,created_VBN,0.044034555,,,,,,,,,,,,,,,,
,,,,,,,,,,,,week_NN,0.043671345,,,,,,,,,,,,,,,,
,,,,,,,,,,,,–_VBZ,0.043559991,,,,,,,,,,,,,,,,
,,,,,,,,,,,,facing_VBG,0.04314419,,,,,,,,,,,,,,,,
,,,,,,,,,,,,two_CD,0.043120356,,,,,,,,,,,,,,,,
,,,,,,,,,,,,then_RB,0.04285729,,,,,,,,,,,,,,,,
,,,,,,,,,,,,possible_JJ,0.042713271,,,,,,,,,,,,,,,,
,,,,,,,,,,,,generations_NNS,0.041392172,,,,,,,,,,,,,,,,
,,,,,,,,,,,,more_RBR,0.040772172,,,,,,,,,,,,,,,,
,,,,,,,,,,,,city_NN,0.040767844,,,,,,,,,,,,,,,,
,,,,,,,,,,,,come_VBN,0.040663602,,,,,,,,,,,,,,,,
,,,,,,,,,,,,saying_VBG,0.040645223,,,,,,,,,,,,,,,,
,,,,,,,,,,,,long_JJ,0.040552432,,,,,,,,,,,,,,,,
,,,,,,,,,,,,couple_NN,0.040211363,,,,,,,,,,,,,,,,
,,,,,,,,,,,,homeowners_NNS,0.040005946,,,,,,,,,,,,,,,,
,,,,,,,,,,,,student_NN,0.040000466,,,,,,,,,,,,,,,,
,,,,,,,,,,,,issue_NN,0.039806099,,,,,,,,,,,,,,,,
,,,,,,,,,,,,could_MD,0.039676408,,,,,,,,,,,,,,,,
,,,,,,,,,,,,trillion_CD,0.038119333,,,,,,,,,,,,,,,,
,,,,,,,,,,,,prevent_VB,0.037648269,,,,,,,,,,,,,,,,
,,,,,,,,,,,,ohio_NP,0.036884612,,,,,,,,,,,,,,,,
,,,,,,,,,,,,creating_VBG,0.035744964,,,,,,,,,,,,,,,,
,,,,,,,,,,,,through_IN,0.035675826,,,,,,,,,,,,,,,,
,,,,,,,,,,,,happen_VB,0.034905603,,,,,,,,,,,,,,,,
,,,,,,,,,,,,well_RB,0.034742467,,,,,,,,,,,,,,,,
,,,,,,,,,,,,so_QL,0.03429078,,,,,,,,,,,,,,,,
,,,,,,,,,,,,peace_NN,0.034069221,,,,,,,,,,,,,,,,
,,,,,,,,,,,,it_PPS,0.033477357,,,,,,,,,,,,,,,,
,,,,,,,,,,,,good_JJ,0.033178115,,,,,,,,,,,,,,,,
,,,,,,,,,,,,proud_JJ,0.032763795,,,,,,,,,,,,,,,,
,,,,,,,,,,,,yet_RB,0.031056952,,,,,,,,,,,,,,,,
,,,,,,,,,,,,sources_NNS,0.030846852,,,,,,,,,,,,,,,,
,,,,,,,,,,,,florida_NP,0.030465906,,,,,,,,,,,,,,,,
,,,,,,,,,,,,losing_VBG,0.03021376,,,,,,,,,,,,,,,,
,,,,,,,,,,,,opponent_NN,0.030177373,,,,,,,,,,,,,,,,
,,,,,,,,,,,,families_NNS,0.030139428,,,,,,,,,,,,,,,,
,,,,,,,,,,,,ought_MD,0.03009652,,,,,,,,,,,,,,,,
,,,,,,,,,,,,came_VBD,0.029586115,,,,,,,,,,,,,,,,
,,,,,,,,,,,,nearly_RB,0.029338935,,,,,,,,,,,,,,,,
,,,,,,,,,,,,while_CS,0.029329723,,,,,,,,,,,,,,,,
,,,,,,,,,,,,needs_VBZ,0.02909261,,,,,,,,,,,,,,,,
,,,,,,,,,,,,environment_NN,0.028510422,,,,,,,,,,,,,,,,
,,,,,,,,,,,,basic_JJ,0.027565503,,,,,,,,,,,,,,,,
,,,,,,,,,,,,service_NN,0.027548249,,,,,,,,,,,,,,,,
,,,,,,,,,,,,kind_NN,0.027482287,,,,,,,,,,,,,,,,
,,,,,,,,,,,,difficult_JJ,0.027415469,,,,,,,,,,,,,,,,
,,,,,,,,,,,,progress_NN,0.02728045,,,,,,,,,,,,,,,,
,,,,,,,,,,,,knew_VBD,0.027160225,,,,,,,,,,,,,,,,
,,,,,,,,,,,,terror_NN,0.026637671,,,,,,,,,,,,,,,,
,,,,,,,,,,,,housing_NN,0.026392224,,,,,,,,,,,,,,,,
,,,,,,,,,,,,friend_NN,0.02611812,,,,,,,,,,,,,,,,
,,,,,,,,,,,,in_RP,0.026102726,,,,,,,,,,,,,,,,
,,,,,,,,,,,,coverage_NN,0.026060663,,,,,,,,,,,,,,,,
,,,,,,,,,,,,each_DT,0.025697275,,,,,,,,,,,,,,,,
,,,,,,,,,,,,sense_NN,0.025044678,,,,,,,,,,,,,,,,
,,,,,,,,,,,,process_NN,0.024494548,,,,,,,,,,,,,,,,
,,,,,,,,,,,,takes_VBZ,0.024168835,,,,,,,,,,,,,,,,
,,,,,,,,,,,,had_HVD,0.023694788,,,,,,,,,,,,,,,,
,,,,,,,,,,,,nation_NN,0.023453044,,,,,,,,,,,,,,,,
,,,,,,,,,,,,future_NN,0.023006952,,,,,,,,,,,,,,,,
,,,,,,,,,,,,race_NN,0.022351294,,,,,,,,,,,,,,,,
,,,,,,,,,,,,times_NNS,0.021863699,,,,,,,,,,,,,,,,
,,,,,,,,,,,,point_NN,0.021384389,,,,,,,,,,,,,,,,
,,,,,,,,,,,,single_AP,0.021360907,,,,,,,,,,,,,,,,
,,,,,,,,,,,,faith_NN,0.021338692,,,,,,,,,,,,,,,,
,,,,,,,,,,,,wanted_VBD,0.021015511,,,,,,,,,,,,,,,,
,,,,,,,,,,,,four_CD,0.02041363,,,,,,,,,,,,,,,,
,,,,,,,,,,,,laughter_NN,0.019657264,,,,,,,,,,,,,,,,
,,,,,,,,,,,,care_NN,0.019493291,,,,,,,,,,,,,,,,
,,,,,,,,,,,,let's_VB,0.019476016,,,,,,,,,,,,,,,,
,,,,,,,,,,,,laws_NNS,0.019395121,,,,,,,,,,,,,,,,
,,,,,,,,,,,,purpose_NN,0.019391179,,,,,,,,,,,,,,,,
,,,,,,,,,,,,path_NN,0.018561787,,,,,,,,,,,,,,,,
,,,,,,,,,,,,tax_NN,0.017727134,,,,,,,,,,,,,,,,
,,,,,,,,,,,,between_IN,0.017616577,,,,,,,,,,,,,,,,
,,,,,,,,,,,,new_JJ,0.017402578,,,,,,,,,,,,,,,,
,,,,,,,,,,,,support_VB,0.017120625,,,,,,,,,,,,,,,,
,,,,,,,,,,,,expect_VB,0.016964108,,,,,,,,,,,,,,,,
,,,,,,,,,,,,bush_NP,0.016908466,,,,,,,,,,,,,,,,
,,,,,,,,,,,,all_QL,0.016304926,,,,,,,,,,,,,,,,
,,,,,,,,,,,,solve_VB,0.01608452,,,,,,,,,,,,,,,,
,,,,,,,,,,,,a_AT,0.016004487,,,,,,,,,,,,,,,,
,,,,,,,,,,,,failed_VBN,0.014903206,,,,,,,,,,,,,,,,
,,,,,,,,,,,,growing_VBG,0.014441174,,,,,,,,,,,,,,,,
,,,,,,,,,,,,win_VB,0.014426956,,,,,,,,,,,,,,,,
,,,,,,,,,,,,news_NN,0.014162757,,,,,,,,,,,,,,,,
,,,,,,,,,,,,as_QL,0.014056428,,,,,,,,,,,,,,,,
,,,,,,,,,,,,at_IN,0.013690605,,,,,,,,,,,,,,,,
,,,,,,,,,,,,hope_VB,0.013122341,,,,,,,,,,,,,,,,
,,,,,,,,,,,,agenda_NN,0.01281945,,,,,,,,,,,,,,,,
,,,,,,,,,,,,throughout_IN,0.012167838,,,,,,,,,,,,,,,,
,,,,,,,,,,,,men_NNS,0.011985425,,,,,,,,,,,,,,,,
,,,,,,,,,,,,were_BED,0.011908066,,,,,,,,,,,,,,,,
,,,,,,,,,,,,military_JJ,0.011766665,,,,,,,,,,,,,,,,
,,,,,,,,,,,,_RN,0.010405754,,,,,,,,,,,,,,,,
,,,,,,,,,,,,into_IN,0.009747418,,,,,,,,,,,,,,,,
,,,,,,,,,,,,leaders_NNS,0.009266645,,,,,,,,,,,,,,,,
,,,,,,,,,,,,help_NN,0.00909433,,,,,,,,,,,,,,,,
,,,,,,,,,,,,open_VB,0.008874643,,,,,,,,,,,,,,,,
,,,,,,,,,,,,since_CS,0.008554607,,,,,,,,,,,,,,,,
,,,,,,,,,,,,been_BEN,0.008364115,,,,,,,,,,,,,,,,
,,,,,,,,,,,,terrorist_JJ,0.007796365,,,,,,,,,,,,,,,,
,,,,,,,,,,,,expand_VB,0.007567681,,,,,,,,,,,,,,,,
,,,,,,,,,,,,iraq_NP,0.007354875,,,,,,,,,,,,,,,,
,,,,,,,,,,,,across_IN,0.006785856,,,,,,,,,,,,,,,,
,,,,,,,,,,,,differences_NNS,0.006403645,,,,,,,,,,,,,,,,
,,,,,,,,,,,,things_NNS,0.006368301,,,,,,,,,,,,,,,,
,,,,,,,,,,,,enough_QLP,0.00619454,,,,,,,,,,,,,,,,
,,,,,,,,,,,,ideas_NNS,0.00591526,,,,,,,,,,,,,,,,
,,,,,,,,,,,,vote_NN,0.005481581,,,,,,,,,,,,,,,,
,,,,,,,,,,,,everything_PN,0.005383154,,,,,,,,,,,,,,,,
,,,,,,,,,,,,send_VB,0.005295939,,,,,,,,,,,,,,,,
,,,,,,,,,,,,against_IN,0.003959396,,,,,,,,,,,,,,,,
,,,,,,,,,,,,citizens_NNS,0.003601338,,,,,,,,,,,,,,,,
,,,,,,,,,,,,before_CS,0.003588842,,,,,,,,,,,,,,,,
,,,,,,,,,,,,set_VB,0.002293044,,,,,,,,,,,,,,,,
,,,,,,,,,,,,paid_VBN,0.002252882,,,,,,,,,,,,,,,,
,,,,,,,,,,,,anything_PN,0.002196813,,,,,,,,,,,,,,,,
,,,,,,,,,,,,choose_VB,0.002040833,,,,,,,,,,,,,,,,
,,,,,,,,,,,,entire_JJ,0.001669885,,,,,,,,,,,,,,,,
,,,,,,,,,,,,no_AT,0.001348933,,,,,,,,,,,,,,,,
,,,,,,,,,,,,like_VB,0.0010079,,,,,,,,,,,,,,,,
,,,,,,,,,,,,loans_NNS,0.000925317,,,,,,,,,,,,,,,,
,,,,,,,,,,,,day_NN,0.000478424,,,,,,,,,,,,,,,,
,,,,,,,,,,,,true_JJ,0.000314695,,,,,,,,,,,,,,,,
,,,,,,,,,,,,businesses_NNS,0.000127533,,,,,,,,,,,,,,,,
,,,,,,,,,,,,hope_NN,-0.000239023,,,,,,,,,,,,,,,,
,,,,,,,,,,,,ever_RB,-0.000256392,,,,,,,,,,,,,,,,
,,,,,,,,,,,,allow_VB,-0.000329731,,,,,,,,,,,,,,,,
,,,,,,,,,,,,call_VB,-0.000518735,,,,,,,,,,,,,,,,
,,,,,,,,,,,,yesterday_NR,-0.000546941,,,,,,,,,,,,,,,,
,,,,,,,,,,,,on_IN,-0.001212556,,,,,,,,,,,,,,,,
,,,,,,,,,,,,before_RB,-0.001497653,,,,,,,,,,,,,,,,
,,,,,,,,,,,,foreign_JJ,-0.001660744,,,,,,,,,,,,,,,,
,,,,,,,,,,,,little_JJ,-0.001771749,,,,,,,,,,,,,,,,
,,,,,,,,,,,,innovation_NN,-0.002582243,,,,,,,,,,,,,,,,
,,,,,,,,,,,,was_BEDZ,-0.003112286,,,,,,,,,,,,,,,,
,,,,,,,,,,,,mr_NN,-0.003244761,,,,,,,,,,,,,,,,
,,,,,,,,,,,,november_NP,-0.003331355,,,,,,,,,,,,,,,,
,,,,,,,,,,,,done_VBN,-0.003397084,,,,,,,,,,,,,,,,
,,,,,,,,,,,,schools_NNS,-0.003412436,,,,,,,,,,,,,,,,
,,,,,,,,,,,,without_IN,-0.003693307,,,,,,,,,,,,,,,,
,,,,,,,,,,,,lives_NNS,-0.003708579,,,,,,,,,,,,,,,,
,,,,,,,,,,,,middle-class_NN,-0.003790285,,,,,,,,,,,,,,,,
,,,,,,,,,,,,taken_VBN,-0.00388441,,,,,,,,,,,,,,,,
,,,,,,,,,,,,billion_CD,-0.004343445,,,,,,,,,,,,,,,,
,,,,,,,,,,,,support_NN,-0.00479179,,,,,,,,,,,,,,,,
,,,,,,,,,,,,effort_NN,-0.004824534,,,,,,,,,,,,,,,,
,,,,,,,,,,,,oil_NN,-0.005609612,,,,,,,,,,,,,,,,
,,,,,,,,,,,,services_NNS,-0.006348001,,,,,,,,,,,,,,,,
,,,,,,,,,,,,there_EX,-0.006420022,,,,,,,,,,,,,,,,
,,,,,,,,,,,,own_JJ,-0.007110693,,,,,,,,,,,,,,,,
,,,,,,,,,,,,society_NN,-0.007878671,,,,,,,,,,,,,,,,
,,,,,,,,,,,,students_NNS,-0.008085216,,,,,,,,,,,,,,,,
,,,,,,,,,,,,including_IN,-0.009292261,,,,,,,,,,,,,,,,
,,,,,,,,,,,,cannot_MD,-0.009478668,,,,,,,,,,,,,,,,
,,,,,,,,,,,,better_RBR,-0.010171809,,,,,,,,,,,,,,,,
,,,,,,,,,,,,senate_NN,-0.010740821,,,,,,,,,,,,,,,,
,,,,,,,,,,,,training_NN,-0.010883541,,,,,,,,,,,,,,,,
,,,,,,,,,,,,knows_VBZ,-0.01123034,,,,,,,,,,,,,,,,
,,,,,,,,,,,,terrorists_NNS,-0.011641234,,,,,,,,,,,,,,,,
,,,,,,,,,,,,lose_VB,-0.011738163,,,,,,,,,,,,,,,,
,,,,,,,,,,,,financial_JJ,-0.012366892,,,,,,,,,,,,,,,,
,,,,,,,,,,,,on_RP,-0.012621108,,,,,,,,,,,,,,,,
,,,,,,,,,,,,savings_NNS,-0.013262442,,,,,,,,,,,,,,,,
,,,,,,,,,,,,thank_VB,-0.013290876,,,,,,,,,,,,,,,,
,,,,,,,,,,,,home_NN,-0.013721302,,,,,,,,,,,,,,,,
,,,,,,,,,,,,crisis_NN,-0.013773536,,,,,,,,,,,,,,,,
,,,,,,,,,,,,rate_NN,-0.014141515,,,,,,,,,,,,,,,,
,,,,,,,,,,,,income_NN,-0.014160405,,,,,,,,,,,,,,,,
,,,,,,,,,,,,standards_NNS,-0.014853636,,,,,,,,,,,,,,,,
,,,,,,,,,,,,job_NN,-0.015030145,,,,,,,,,,,,,,,,
,,,,,,,,,,,,places_NNS,-0.015481197,,,,,,,,,,,,,,,,
,,,,,,,,,,,,increase_VB,-0.015627619,,,,,,,,,,,,,,,,
,,,,,,,,,,,,areas_NNS,-0.016418917,,,,,,,,,,,,,,,,
,,,,,,,,,,,,place_NN,-0.017213595,,,,,,,,,,,,,,,,
,,,,,,,,,,,,improve_VB,-0.01797231,,,,,,,,,,,,,,,,
,,,,,,,,,,,,especially_RB,-0.018178194,,,,,,,,,,,,,,,,
,,,,,,,,,,,,poverty_NN,-0.018182017,,,,,,,,,,,,,,,,
,,,,,,,,,,,,feel_VB,-0.018422088,,,,,,,,,,,,,,,,
,,,,,,,,,,,,strategy_NN,-0.018590787,,,,,,,,,,,,,,,,
,,,,,,,,,,,,white_JJ,-0.018815295,,,,,,,,,,,,,,,,
,,,,,,,,,,,,congress_NP,-0.01974216,,,,,,,,,,,,,,,,
,,,,,,,,,,,,choice_NN,-0.020144492,,,,,,,,,,,,,,,,
,,,,,,,,,,,,promised_VBD,-0.020167336,,,,,,,,,,,,,,,,
,,,,,,,,,,,,institutions_NNS,-0.020456899,,,,,,,,,,,,,,,,
,,,,,,,,,,,,half_ABN,-0.020745924,,,,,,,,,,,,,,,,
,,,,,,,,,,,,clean_JJ,-0.021150626,,,,,,,,,,,,,,,,
,,,,,,,,,,,,difference_NN,-0.021395509,,,,,,,,,,,,,,,,
,,,,,,,,,,,,special_JJ,-0.021408804,,,,,,,,,,,,,,,,
,,,,,,,,,,,,restore_VB,-0.021886492,,,,,,,,,,,,,,,,
,,,,,,,,,,,,unemployment_NN,-0.022112813,,,,,,,,,,,,,,,,
,,,,,,,,,,,,crime_NN,-0.022583307,,,,,,,,,,,,,,,,
,,,,,,,,,,,,agree_VB,-0.022624236,,,,,,,,,,,,,,,,
,,,,,,,,,,,,everyone_PN,-0.023122887,,,,,,,,,,,,,,,,
,,,,,,,,,,,,violence_NN,-0.023254602,,,,,,,,,,,,,,,,
,,,,,,,,,,,,equal_JJ,-0.023476886,,,,,,,,,,,,,,,,
,,,,,,,,,,,,take_VB,-0.024173688,,,,,,,,,,,,,,,,
,,,,,,,,,,,,put_VBN,-0.024880961,,,,,,,,,,,,,,,,
,,,,,,,,,,,,south_JJ,-0.025433635,,,,,,,,,,,,,,,,
,,,,,,,,,,,,morning_NN,-0.02544397,,,,,,,,,,,,,,,,
,,,,,,,,,,,,stand_VB,-0.025470947,,,,,,,,,,,,,,,,
,,,,,,,,,,,,energy_NN,-0.025524845,,,,,,,,,,,,,,,,
,,,,,,,,,,,,won't_MD,-0.025639929,,,,,,,,,,,,,,,,
,,,,,,,,,,,,worker_NN,-0.025645476,,,,,,,,,,,,,,,,
,,,,,,,,,,,,message_NN,-0.025784247,,,,,,,,,,,,,,,,
,,,,,,,,,,,,resources_NNS,-0.0258529,,,,,,,,,,,,,,,,
,,,,,,,,,,,,technology_NN,-0.027355971,,,,,,,,,,,,,,,,
,,,,,,,,,,,,nothing_PN,-0.027488722,,,,,,,,,,,,,,,,
,,,,,,,,,,,,issues_NNS,-0.027720614,,,,,,,,,,,,,,,,
,,,,,,,,,,,,second_OD,-0.027809611,,,,,,,,,,,,,,,,
,,,,,,,,,,,,live_VB,-0.027886359,,,,,,,,,,,,,,,,
,,,,,,,,,,,,later_RBR,-0.028131369,,,,,,,,,,,,,,,,
,,,,,,,,,,,,debate_NN,-0.028142189,,,,,,,,,,,,,,,,
,,,,,,,,,,,,corporate_JJ,-0.028491125,,,,,,,,,,,,,,,,
,,,,,,,,,,,,question_NN,-0.028605314,,,,,,,,,,,,,,,,
,,,,,,,,,,,,weapons_NNS,-0.028916855,,,,,,,,,,,,,,,,
,,,,,,,,,,,,real_JJ,-0.029466165,,,,,,,,,,,,,,,,
,,,,,,,,,,,,whose_WP$,-0.029516175,,,,,,,,,,,,,,,,
,,,,,,,,,,,,candidate_NN,-0.029539359,,,,,,,,,,,,,,,,
,,,,,,,,,,,,share_VB,-0.029852512,,,,,,,,,,,,,,,,
,,,,,,,,,,,,veterans_NNS,-0.030049297,,,,,,,,,,,,,,,,
,,,,,,,,,,,,person_NN,-0.030189868,,,,,,,,,,,,,,,,
,,,,,,,,,,,,medicare_NN,-0.030340797,,,,,,,,,,,,,,,,
,,,,,,,,,,,,justice_NN,-0.030465242,,,,,,,,,,,,,,,,
,,,,,,,,,,,,500_CD,-0.030574538,,,,,,,,,,,,,,,,
,,,,,,,,,,,,costs_NNS,-0.031302409,,,,,,,,,,,,,,,,
,,,,,,,,,,,,mortgage_NN,-0.031398523,,,,,,,,,,,,,,,,
,,,,,,,,,,,,worst_JJT,-0.03231877,,,,,,,,,,,,,,,,
,,,,,,,,,,,,serve_VB,-0.032566216,,,,,,,,,,,,,,,,
,,,,,,,,,,,,fellow_NN,-0.032882909,,,,,,,,,,,,,,,,
,,,,,,,,,,,,thought_VBD,-0.033730042,,,,,,,,,,,,,,,,
,,,,,,,,,,,,teachers_NNS,-0.033955858,,,,,,,,,,,,,,,,
,,,,,,,,,,,,spirit_NN,-0.034152627,,,,,,,,,,,,,,,,
,,,,,,,,,,,,drugs_NNS,-0.035219509,,,,,,,,,,,,,,,,
,,,,,,,,,,,,welfare_NN,-0.035300111,,,,,,,,,,,,,,,,
,,,,,,,,,,,,fundamental_JJ,-0.035579032,,,,,,,,,,,,,,,,
,,,,,,,,,,,,—_RBR,-0.03561634,,,,,,,,,,,,,,,,
,,,,,,,,,,,,global_JJ,-0.035753916,,,,,,,,,,,,,,,,
,,,,,,,,,,,,buy_VB,-0.036169795,,,,,,,,,,,,,,,,
,,,,,,,,,,,,economic_JJ,-0.036231182,,,,,,,,,,,,,,,,
,,,,,,,,,,,,israel_NP,-0.036234524,,,,,,,,,,,,,,,,
,,,,,,,,,,,,simple_JJ,-0.036656539,,,,,,,,,,,,,,,,
,,,,,,,,,,,,ability_NN,-0.037010573,,,,,,,,,,,,,,,,
,,,,,,,,,,,,spend_VB,-0.037482759,,,,,,,,,,,,,,,,
,,,,,,,,,,,,party_NN,-0.037638086,,,,,,,,,,,,,,,,
,,,,,,,,,,,,during_IN,-0.037831107,,,,,,,,,,,,,,,,
,,,,,,,,,,,,–_RBR,-0.038887672,,,,,,,,,,,,,,,,
,,,,,,,,,,,,taking_VBG,-0.039029335,,,,,,,,,,,,,,,,
,,,,,,,,,,,,their_PP$,-0.039412469,,,,,,,,,,,,,,,,
,,,,,,,,,,,,create_VB,-0.039461835,,,,,,,,,,,,,,,,
,,,,,,,,,,,,necessary_JJ,-0.03990442,,,,,,,,,,,,,,,,
,,,,,,,,,,,,gave_VBD,-0.040647034,,,,,,,,,,,,,,,,
,,,,,,,,,,,,too_RB,-0.040892869,,,,,,,,,,,,,,,,
,,,,,,,,,,,,line_NN,-0.041091131,,,,,,,,,,,,,,,,
,,,,,,,,,,,,accountability_NN,-0.041348567,,,,,,,,,,,,,,,,
,,,,,,,,,,,,hard_JJ,-0.041773226,,,,,,,,,,,,,,,,
,,,,,,,,,,,,only_AP,-0.042542334,,,,,,,,,,,,,,,,
,,,,,,,,,,,,our_PP$,-0.043021993,,,,,,,,,,,,,,,,
,,,,,,,,,,,,share_NN,-0.044557497,,,,,,,,,,,,,,,,
,,,,,,,,,,,,put_VB,-0.044742554,,,,,,,,,,,,,,,,
,,,,,,,,,,,,five_CD,-0.045122226,,,,,,,,,,,,,,,,
,,,,,,,,,,,,father_NN,-0.045498466,,,,,,,,,,,,,,,,
,,,,,,,,,,,,force_NN,-0.046239222,,,,,,,,,,,,,,,,
,,,,,,,,,,,,values_NNS,-0.046444239,,,,,,,,,,,,,,,,
,,,,,,,,,,,,truth_NN,-0.046756092,,,,,,,,,,,,,,,,
,,,,,,,,,,,,these_DTS,-0.046816204,,,,,,,,,,,,,,,,
,,,,,,,,,,,,yes_RB,-0.048332296,,,,,,,,,,,,,,,,
,,,,,,,,,,,,living_VBG,-0.04857123,,,,,,,,,,,,,,,,
,,,,,,,,,,,,age_NN,-0.048578468,,,,,,,,,,,,,,,,
,,,,,,,,,,,,prices_NNS,-0.049284215,,,,,,,,,,,,,,,,
,,,,,,,,,,,,investment_NN,-0.049404516,,,,,,,,,,,,,,,,
,,,,,,,,,,,,voted_VBD,-0.049474169,,,,,,,,,,,,,,,,
,,,,,,,,,,,,than_IN,-0.04953455,,,,,,,,,,,,,,,,
,,,,,,,,,,,,safer_JJR,-0.049699279,,,,,,,,,,,,,,,,
,,,,,,,,,,,,parties_NNS,-0.051009779,,,,,,,,,,,,,,,,
,,,,,,,,,,,,world_NN,-0.051181761,,,,,,,,,,,,,,,,
,,,,,,,,,,,,children_NNS,-0.051253573,,,,,,,,,,,,,,,,
,,,,,,,,,,,,medical_JJ,-0.051922965,,,,,,,,,,,,,,,,
,,,,,,,,,,,,prosperity_NN,-0.051926724,,,,,,,,,,,,,,,,
,,,,,,,,,,,,safe_JJ,-0.052120269,,,,,,,,,,,,,,,,
,,,,,,,,,,,,begin_VB,-0.052293627,,,,,,,,,,,,,,,,
,,,,,,,,,,,,opportunity_NN,-0.05251325,,,,,,,,,,,,,,,,
,,,,,,,,,,,,strength_NN,-0.052926659,,,,,,,,,,,,,,,,
,,,,,,,,,,,,end_NN,-0.053120467,,,,,,,,,,,,,,,,
,,,,,,,,,,,,given_VBN,-0.053531276,,,,,,,,,,,,,,,,
,,,,,,,,,,,,100_CD,-0.053760206,,,,,,,,,,,,,,,,
,,,,,,,,,,,,parents_NNS,-0.054128633,,,,,,,,,,,,,,,,
,,,,,,,,,,,,benefits_NNS,-0.054273025,,,,,,,,,,,,,,,,
,,,,,,,,,,,,them_PPO,-0.054305033,,,,,,,,,,,,,,,,
,,,,,,,,,,,,it_PPO,-0.054712504,,,,,,,,,,,,,,,,
,,,,,,,,,,,,growth_NN,-0.055570985,,,,,,,,,,,,,,,,
,,,,,,,,,,,,full_JJ,-0.055578811,,,,,,,,,,,,,,,,
,,,,,,,,,,,,meet_VB,-0.055741939,,,,,,,,,,,,,,,,
,,,,,,,,,,,,law_NN,-0.055905404,,,,,,,,,,,,,,,,
,,,,,,,,,,,,americans_NPS,-0.056843628,,,,,,,,,,,,,,,,
,,,,,,,,,,,,risk_NN,-0.056870958,,,,,,,,,,,,,,,,
,,,,,,,,,,,,almost_RB,-0.05717971,,,,,,,,,,,,,,,,
,,,,,,,,,,,,which_WDT.,-0.057842857,,,,,,,,,,,,,,,,
,,,,,,,,,,,,anyone_PN,-0.057887588,,,,,,,,,,,,,,,,
,,,,,,,,,,,,over_RP,-0.058007135,,,,,,,,,,,,,,,,
,,,,,,,,,,,,care_VB,-0.058055213,,,,,,,,,,,,,,,,
,,,,,,,,,,,,democratic_JJ,-0.058492886,,,,,,,,,,,,,,,,
,,,,,,,,,,,,american_JJ,-0.05931452,,,,,,,,,,,,,,,,
,,,,,,,,,,,,past_NN,-0.059342295,,,,,,,,,,,,,,,,
,,,,,,,,,,,,threat_NN,-0.059574628,,,,,,,,,,,,,,,,
,,,,,,,,,,,,too_QL,-0.059919115,,,,,,,,,,,,,,,,
,,,,,,,,,,,,rates_NNS,-0.059983347,,,,,,,,,,,,,,,,
,,,,,,,,,,,,even_RB,-0.05999747,,,,,,,,,,,,,,,,
,,,,,,,,,,,,greatest_JJT,-0.063600708,,,,,,,,,,,,,,,,
,,,,,,,,,,,,policy_NN,-0.063728926,,,,,,,,,,,,,,,,
,,,,,,,,,,,,school_NN,-0.064252269,,,,,,,,,,,,,,,,
,,,,,,,,,,,,stronger_JJR,-0.064270249,,,,,,,,,,,,,,,,
,,,,,,,,,,,,mission_NN,-0.06433456,,,,,,,,,,,,,,,,
,,,,,,,,,,,,allies_NNS,-0.064905391,,,,,,,,,,,,,,,,
,,,,,,,,,,,,always_RB,-0.065361049,,,,,,,,,,,,,,,,
,,,,,,,,,,,,republican_NP,-0.065888653,,,,,,,,,,,,,,,,
,,,,,,,,,,,,show_VB,-0.066255091,,,,,,,,,,,,,,,,
,,,,,,,,,,,,success_NN,-0.066501404,,,,,,,,,,,,,,,,
,,,,,,,,,,,,important_JJ,-0.067649987,,,,,,,,,,,,,,,,
,,,,,,,,,,,,instead_RB,-0.068053472,,,,,,,,,,,,,,,,
,,,,,,,,,,,,countries_NNS,-0.068350696,,,,,,,,,,,,,,,,
,,,,,,,,,,,,nations_NNS,-0.069141906,,,,,,,,,,,,,,,,
,,,,,,,,,,,,respect_NN,-0.069562907,,,,,,,,,,,,,,,,
,,,,,,,,,,,,ones_NNS,-0.069833882,,,,,,,,,,,,,,,,
,,,,,,,,,,,,programs_NNS,-0.070202804,,,,,,,,,,,,,,,,
,,,,,,,,,,,,state_NN,-0.07047019,,,,,,,,,,,,,,,,
,,,,,,,,,,,,appreciate_VB,-0.070575549,,,,,,,,,,,,,,,,
,,,,,,,,,,,,from_IN,-0.071309054,,,,,,,,,,,,,,,,
,,,,,,,,,,,,fight_NN,-0.071955995,,,,,,,,,,,,,,,,
,,,,,,,,,,,,region_NN,-0.072105182,,,,,,,,,,,,,,,,
,,,,,,,,,,,,program_NN,-0.073943791,,,,,,,,,,,,,,,,
,,,,,,,,,,,,three_CD,-0.075108248,,,,,,,,,,,,,,,,
,,,,,,,,,,,,legislation_NN,-0.075147096,,,,,,,,,,,,,,,,
,,,,,,,,,,,,house_NN,-0.075176608,,,,,,,,,,,,,,,,
,,,,,,,,,,,,word_NN,-0.07536944,,,,,,,,,,,,,,,,
,,,,,,,,,,,,example_NN,-0.075453274,,,,,,,,,,,,,,,,
,,,,,,,,,,,,bill_NP,-0.076239511,,,,,,,,,,,,,,,,
,,,,,,,,,,,,clear_JJ,-0.076562722,,,,,,,,,,,,,,,,
,,,,,,,,,,,,require_VB,-0.076656587,,,,,,,,,,,,,,,,
,,,,,,,,,,,,least_AP,-0.07741648,,,,,,,,,,,,,,,,
,,,,,,,,,,,,first_OD,-0.078337063,,,,,,,,,,,,,,,,
,,,,,,,,,,,,republican_JJ,-0.078657314,,,,,,,,,,,,,,,,
,,,,,,,,,,,,little_AP,-0.078860635,,,,,,,,,,,,,,,,
,,,,,,,,,,,,third_OD,-0.078995302,,,,,,,,,,,,,,,,
,,,,,,,,,,,,i_PPSS,-0.079539891,,,,,,,,,,,,,,,,
,,,,,,,,,,,,lower_JJR,-0.080328319,,,,,,,,,,,,,,,,
,,,,,,,,,,,,find_VB,-0.080429096,,,,,,,,,,,,,,,,
,,,,,,,,,,,,higher_JJR,-0.080522801,,,,,,,,,,,,,,,,
,,,,,,,,,,,,alone_RB,-0.080571389,,,,,,,,,,,,,,,,
,,,,,,,,,,,,every_AT,-0.080707352,,,,,,,,,,,,,,,,
,,,,,,,,,,,,family_NN,-0.080837944,,,,,,,,,,,,,,,,
,,,,,,,,,,,,retirement_NN,-0.081236176,,,,,,,,,,,,,,,,
,,,,,,,,,,,,first_RB,-0.081237686,,,,,,,,,,,,,,,,
,,,,,,,,,,,,plans_NNS,-0.081312336,,,,,,,,,,,,,,,,
,,,,,,,,,,,,around_RB,-0.081682244,,,,,,,,,,,,,,,,
,,,,,,,,,,,,price_NN,-0.081778132,,,,,,,,,,,,,,,,
,,,,,,,,,,,,offer_VB,-0.081892276,,,,,,,,,,,,,,,,
,,,,,,,,,,,,known_VBN,-0.081919383,,,,,,,,,,,,,,,,
,,,,,,,,,,,,leader_NN,-0.082796324,,,,,,,,,,,,,,,,
,,,,,,,,,,,,those_DTS,-0.082834621,,,,,,,,,,,,,,,,
,,,,,,,,,,,,iran_NP,-0.082854528,,,,,,,,,,,,,,,,
,,,,,,,,,,,,simply_RB,-0.083024573,,,,,,,,,,,,,,,,
,,,,,,,,,,,,bill_NN,-0.083197855,,,,,,,,,,,,,,,,
,,,,,,,,,,,,use_VB,-0.083230966,,,,,,,,,,,,,,,,
,,,,,,,,,,,,campaign_NN,-0.083375507,,,,,,,,,,,,,,,,
,,,,,,,,,,,,need_NN,-0.083885319,,,,,,,,,,,,,,,,
,,,,,,,,,,,,forget_VB,-0.084275154,,,,,,,,,,,,,,,,
,,,,,,,,,,,,one_PN,-0.084367515,,,,,,,,,,,,,,,,
,,,,,,,,,,,,money_NN,-0.084571796,,,,,,,,,,,,,,,,
,,,,,,,,,,,,cut_VB,-0.084884411,,,,,,,,,,,,,,,,
,,,,,,,,,,,,let_VB,-0.085556388,,,,,,,,,,,,,,,,
,,,,,,,,,,,,past_AP,-0.087157903,,,,,,,,,,,,,,,,
,,,,,,,,,,,,an_AT,-0.087745273,,,,,,,,,,,,,,,,
,,,,,,,,,,,,forces_NNS,-0.088149525,,,,,,,,,,,,,,,,
,,,,,,,,,,,,less_QL,-0.088222832,,,,,,,,,,,,,,,,
,,,,,,,,,,,,all_ABN,-0.088229707,,,,,,,,,,,,,,,,
,,,,,,,,,,,,deserve_VB,-0.088759406,,,,,,,,,,,,,,,,
,,,,,,,,,,,,should_MD,-0.089238865,,,,,,,,,,,,,,,,
,,,,,,,,,,,,is_BEZ,-0.090574866,,,,,,,,,,,,,,,,
,,,,,,,,,,,,by_IN,-0.091577547,,,,,,,,,,,,,,,,
,,,,,,,,,,,,leave_VB,-0.091730241,,,,,,,,,,,,,,,,
,,,,,,,,,,,,number_NN,-0.092189857,,,,,,,,,,,,,,,,
,,,,,,,,,,,,learned_VBD,-0.092317009,,,,,,,,,,,,,,,,
,,,,,,,,,,,,even_QL,-0.093147094,,,,,,,,,,,,,,,,
,,,,,,,,,,,,does_DOZ,-0.093495627,,,,,,,,,,,,,,,,
,,,,,,,,,,,,liberty_NN,-0.094799896,,,,,,,,,,,,,,,,
,,,,,,,,,,,,budget_NN,-0.095260231,,,,,,,,,,,,,,,,
,,,,,,,,,,,,bring_VB,-0.09528401,,,,,,,,,,,,,,,,
,,,,,,,,,,,,east_NR,-0.095534435,,,,,,,,,,,,,,,,
,,,,,,,,,,,,reform_NN,-0.095571425,,,,,,,,,,,,,,,,
,,,,,,,,,,,,once_RB,-0.098387695,,,,,,,,,,,,,,,,
,,,,,,,,,,,,private_JJ,-0.099143325,,,,,,,,,,,,,,,,
,,,,,,,,,,,,world's_NN$,-0.100556103,,,,,,,,,,,,,,,,
,,,,,,,,,,,,problem_NN,-0.100697546,,,,,,,,,,,,,,,,
,,,,,,,,,,,,high_JJ,-0.101109896,,,,,,,,,,,,,,,,
,,,,,,,,,,,,might_MD,-0.103936151,,,,,,,,,,,,,,,,
,,,,,,,,,,,,social_JJ,-0.104281905,,,,,,,,,,,,,,,,
,,,,,,,,,,,,away_RB,-0.105329402,,,,,,,,,,,,,,,,
,,,,,,,,,,,,quality_NN,-0.105566801,,,,,,,,,,,,,,,,
,,,,,,,,,,,,today_NR,-0.105806699,,,,,,,,,,,,,,,,
,,,,,,,,,,,,decision_NN,-0.107549152,,,,,,,,,,,,,,,,
,,,,,,,,,,,,ensure_VB,-0.108253498,,,,,,,,,,,,,,,,
,,,,,,,,,,,,best_JJT,-0.108275397,,,,,,,,,,,,,,,,
,,,,,,,,,,,,for_CS,-0.110337017,,,,,,,,,,,,,,,,
,,,,,,,,,,,,human_JJ,-0.110766619,,,,,,,,,,,,,,,,
,,,,,,,,,,,,encourage_VB,-0.110901559,,,,,,,,,,,,,,,,
,,,,,,,,,,,,small_JJ,-0.111297248,,,,,,,,,,,,,,,,
,,,,,,,,,,,,debt_NN,-0.111950377,,,,,,,,,,,,,,,,
,,,,,,,,,,,,defense_NN,-0.112315599,,,,,,,,,,,,,,,,
,,,,,,,,,,,,man_NN,-0.112757615,,,,,,,,,,,,,,,,
,,,,,,,,,,,,america_NP,-0.113319569,,,,,,,,,,,,,,,,
,,,,,,,,,,,,system_NN,-0.115690332,,,,,,,,,,,,,,,,
,,,,,,,,,,,,join_VB,-0.11673118,,,,,,,,,,,,,,,,
,,,,,,,,,,,,exactly_RB,-0.117247516,,,,,,,,,,,,,,,,
,,,,,,,,,,,,access_NN,-0.117282169,,,,,,,,,,,,,,,,
,,,,,,,,,,,,words_NNS,-0.117512278,,,,,,,,,,,,,,,,
,,,,,,,,,,,,goal_NN,-0.118977445,,,,,,,,,,,,,,,,
,,,,,,,,,,,,spending_VBG,-0.119473344,,,,,,,,,,,,,,,,
,,,,,,,,,,,,than_CS,-0.121886377,,,,,,,,,,,,,,,,
,,,,,,,,,,,,market_NN,-0.122741396,,,,,,,,,,,,,,,,
,,,,,,,,,,,,confidence_NN,-0.123264051,,,,,,,,,,,,,,,,
,,,,,,,,,,,,free_JJ,-0.123532532,,,,,,,,,,,,,,,,
,,,,,,,,,,,,raising_VBG,-0.12388414,,,,,,,,,,,,,,,,
,,,,,,,,,,,,drug_NN,-0.124397965,,,,,,,,,,,,,,,,
,,,,,,,,,,,,leadership_NN,-0.125408616,,,,,,,,,,,,,,,,
,,,,,,,,,,,,markets_NNS,-0.126320375,,,,,,,,,,,,,,,,
,,,,,,,,,,,,capital_NN,-0.127664748,,,,,,,,,,,,,,,,
,,,,,,,,,,,,security_NN,-0.128219992,,,,,,,,,,,,,,,,
,,,,,,,,,,,,challenge_NN,-0.130012657,,,,,,,,,,,,,,,,
,,,,,,,,,,,,freedom_NN,-0.130757861,,,,,,,,,,,,,,,,
,,,,,,,,,,,,available_JJ,-0.131480725,,,,,,,,,,,,,,,,
,,,,,,,,,,,,longer_RBR,-0.132128452,,,,,,,,,,,,,,,,
,,,,,,,,,,,,international_JJ,-0.132900509,,,,,,,,,,,,,,,,
,,,,,,,,,,,,interest_NN,-0.132902474,,,,,,,,,,,,,,,,
,,,,,,,,,,,,president_NN,-0.133295571,,,,,,,,,,,,,,,,
,,,,,,,,,,,,act_VB,-0.133919961,,,,,,,,,,,,,,,,
,,,,,,,,,,,,be_BE,-0.134472791,,,,,,,,,,,,,,,,
,,,,,,,,,,,,great_JJ,-0.134504117,,,,,,,,,,,,,,,,
,,,,,,,,,,,,administration_NN,-0.134743752,,,,,,,,,,,,,,,,
,,,,,,,,,,,,trust_NN,-0.135020811,,,,,,,,,,,,,,,,
,,,,,,,,,,,,have_HV,-0.1356719,,,,,,,,,,,,,,,,
,,,,,,,,,,,,trade_NN,-0.135718185,,,,,,,,,,,,,,,,
,,,,,,,,,,,,character_NN,-0.138597096,,,,,,,,,,,,,,,,
,,,,,,,,,,,,both_ABX,-0.13924501,,,,,,,,,,,,,,,,
,,,,,,,,,,,,nuclear_JJ,-0.139418473,,,,,,,,,,,,,,,,
,,,,,,,,,,,,right_JJ,-0.140481614,,,,,,,,,,,,,,,,
,,,,,,,,,,,,in_IN,-0.14056798,,,,,,,,,,,,,,,,
,,,,,,,,,,,,cost_NN,-0.142593315,,,,,,,,,,,,,,,,
,,,,,,,,,,,,rising_VBG,-0.143201816,,,,,,,,,,,,,,,,
,,,,,,,,,,,,lost_VBN,-0.146256873,,,,,,,,,,,,,,,,
,,,,,,,,,,,,personal_JJ,-0.14713344,,,,,,,,,,,,,,,,
,,,,,,,,,,,,hold_VB,-0.147720683,,,,,,,,,,,,,,,,
,,,,,,,,,,,,made_VBN,-0.150150312,,,,,,,,,,,,,,,,
,,,,,,,,,,,,must_MD,-0.150583984,,,,,,,,,,,,,,,,
,,,,,,,,,,,,nation's_NN$,-0.151104585,,,,,,,,,,,,,,,,
,,,,,,,,,,,,under_IN,-0.152020965,,,,,,,,,,,,,,,,
,,,,,,,,,,,,national_JJ,-0.152027934,,,,,,,,,,,,,,,,
,,,,,,,,,,,,within_IN,-0.152028028,,,,,,,,,,,,,,,,
,,,,,,,,,,,,achieve_VB,-0.152059781,,,,,,,,,,,,,,,,
,,,,,,,,,,,,only_RB,-0.152760814,,,,,,,,,,,,,,,,
,,,,,,,,,,,,fight_VB,-0.153570797,,,,,,,,,,,,,,,,
,,,,,,,,,,,,with_IN,-0.155623021,,,,,,,,,,,,,,,,
,,,,,,,,,,,,sell_VB,-0.15625098,,,,,,,,,,,,,,,,
,,,,,,,,,,,,whatever_WDT.,-0.156401851,,,,,,,,,,,,,,,,
,,,,,,,,,,,,used_VBN,-0.157240216,,,,,,,,,,,,,,,,
,,,,,,,,,,,,him_PPO,-0.157271145,,,,,,,,,,,,,,,,
,,,,,,,,,,,,again_RB,-0.157789589,,,,,,,,,,,,,,,,
,,,,,,,,,,,,much_AP,-0.158996854,,,,,,,,,,,,,,,,
,,,,,,,,,,,,political_JJ,-0.159125756,,,,,,,,,,,,,,,,
,,,,,,,,,,,,much_RB,-0.160592969,,,,,,,,,,,,,,,,
,,,,,,,,,,,,right_NN,-0.161117033,,,,,,,,,,,,,,,,
,,,,,,,,,,,,choices_NNS,-0.16184026,,,,,,,,,,,,,,,,
,,,,,,,,,,,,efforts_NNS,-0.162783078,,,,,,,,,,,,,,,,
,,,,,,,,,,,,friends_NNS,-0.163767182,,,,,,,,,,,,,,,,
,,,,,,,,,,,,action_NN,-0.164145038,,,,,,,,,,,,,,,,
,,,,,,,,,,,,balanced_VBN,-0.166789109,,,,,,,,,,,,,,,,
,,,,,,,,,,,,before_IN,-0.167652112,,,,,,,,,,,,,,,,
,,,,,,,,,,,,left_VBN,-0.168682541,,,,,,,,,,,,,,,,
,,,,,,,,,,,,america's_NP$,-0.169952694,,,,,,,,,,,,,,,,
,,,,,,,,,,,,experience_NN,-0.171449223,,,,,,,,,,,,,,,,
,,,,,,,,,,,,better_JJR,-0.173148041,,,,,,,,,,,,,,,,
,,,,,,,,,,,,defend_VB,-0.174403068,,,,,,,,,,,,,,,,
,,,,,,,,,,,,opportunities_NNS,-0.174606171,,,,,,,,,,,,,,,,
,,,,,,,,,,,,taxes_NNS,-0.174644567,,,,,,,,,,,,,,,,
,,,,,,,,,,,,raise_VB,-0.174659782,,,,,,,,,,,,,,,,
,,,,,,,,,,,,more_QL,-0.175750309,,,,,,,,,,,,,,,,
,,,,,,,,,,,,hands_NNS,-0.177069239,,,,,,,,,,,,,,,,
,,,,,,,,,,,,federal_JJ,-0.177598493,,,,,,,,,,,,,,,,
,,,,,,,,,,,,office_NN,-0.179411725,,,,,,,,,,,,,,,,
,,,,,,,,,,,,bad_JJ,-0.18046086,,,,,,,,,,,,,,,,
,,,,,,,,,,,,history_NN,-0.180676704,,,,,,,,,,,,,,,,
,,,,,,,,,,,,public_JJ,-0.181741906,,,,,,,,,,,,,,,,
,,,,,,,,,,,,as_CS,-0.182471746,,,,,,,,,,,,,,,,
,,,,,,,,,,,,someone_PN,-0.183430705,,,,,,,,,,,,,,,,
,,,,,,,,,,,,other_AP,-0.184391822,,,,,,,,,,,,,,,,
,,,,,,,,,,,,many_AP,-0.184587362,,,,,,,,,,,,,,,,
,,,,,,,,,,,,until_CS,-0.185583518,,,,,,,,,,,,,,,,
,,,,,,,,,,,,wealth_NN,-0.187943345,,,,,,,,,,,,,,,,
,,,,,,,,,,,,lead_VB,-0.187948695,,,,,,,,,,,,,,,,
,,,,,,,,,,,,senator_NN,-0.188189561,,,,,,,,,,,,,,,,
,,,,,,,,,,,,answer_NN,-0.188268245,,,,,,,,,,,,,,,,
,,,,,,,,,,,,courage_NN,-0.189740978,,,,,,,,,,,,,,,,
,,,,,,,,,,,,protect_VB,-0.191553564,,,,,,,,,,,,,,,,
,,,,,,,,,,,,percent_NN,-0.191600687,,,,,,,,,,,,,,,,
,,,,,,,,,,,,often_RB,-0.192339002,,,,,,,,,,,,,,,,
,,,,,,,,,,,,am_BEM,-0.19267924,,,,,,,,,,,,,,,,
,,,,,,,,,,,,honor_NN,-0.194184666,,,,,,,,,,,,,,,,
,,,,,,,,,,,,become_VB,-0.196730291,,,,,,,,,,,,,,,,
,,,,,,,,,,,,clinton_NP,-0.196828854,,,,,,,,,,,,,,,,
,,,,,,,,,,,,control_NN,-0.197346195,,,,,,,,,,,,,,,,
,,,,,,,,,,,,ways_NNS,-0.197615413,,,,,,,,,,,,,,,,
,,,,,,,,,,,,interests_NNS,-0.201180462,,,,,,,,,,,,,,,,
,,,,,,,,,,,,heart_NN,-0.202283748,,,,,,,,,,,,,,,,
,,,,,,,,,,,,seek_VB,-0.202332527,,,,,,,,,,,,,,,,
,,,,,,,,,,,,rights_NNS,-0.203480154,,,,,,,,,,,,,,,,
,,,,,,,,,,,,direction_NN,-0.20510426,,,,,,,,,,,,,,,,
,,,,,,,,,,,,cause_NN,-0.207304443,,,,,,,,,,,,,,,,
,,,,,,,,,,,,serious_JJ,-0.208004019,,,,,,,,,,,,,,,,
,,,,,,,,,,,,his_PP$,-0.209409068,,,,,,,,,,,,,,,,
,,,,,,,,,,,,power_NN,-0.211466707,,,,,,,,,,,,,,,,
,,,,,,,,,,,,reforms_NNS,-0.213416624,,,,,,,,,,,,,,,,
,,,,,,,,,,,,wrong_JJ,-0.219115836,,,,,,,,,,,,,,,,
,,,,,,,,,,,,record_NN,-0.220874626,,,,,,,,,,,,,,,,
,,,,,,,,,,,,and_CC,-0.222703372,,,,,,,,,,,,,,,,
,,,,,,,,,,,,never_RB,-0.222764402,,,,,,,,,,,,,,,,
,,,,,,,,,,,,course_NN,-0.225898574,,,,,,,,,,,,,,,,
,,,,,,,,,,,,my_PP$,-0.227548444,,,,,,,,,,,,,,,,
,,,,,,,,,,,,any_DTI,-0.229478047,,,,,,,,,,,,,,,,
,,,,,,,,,,,,has_HVZ,-0.229820048,,,,,,,,,,,,,,,,
,,,,,,,,,,,,very_QL,-0.233403691,,,,,,,,,,,,,,,,
,,,,,,,,,,,,business_NN,-0.234270855,,,,,,,,,,,,,,,,
,,,,,,,,,,,,others_NNS,-0.23781561,,,,,,,,,,,,,,,,
,,,,,,,,,,,,its_PP$,-0.238611091,,,,,,,,,,,,,,,,
,,,,,,,,,,,,such_JJ,-0.238748673,,,,,,,,,,,,,,,,
,,,,,,,,,,,,much_QL,-0.246177544,,,,,,,,,,,,,,,,
,,,,,,,,,,,,he_PPS,-0.253123811,,,,,,,,,,,,,,,,
,,,,,,,,,,,,case_NN,-0.258074098,,,,,,,,,,,,,,,,
,,,,,,,,,,,,dollars_NNS,-0.258265115,,,,,,,,,,,,,,,,
,,,,,,,,,,,,life_NN,-0.262964994,,,,,,,,,,,,,,,,
,,,,,,,,,,,,most_QL,-0.263435861,,,,,,,,,,,,,,,,
,,,,,,,,,,,,would_MD,-0.269719073,,,,,,,,,,,,,,,,
,,,,,,,,,,,,increase_NN,-0.274656529,,,,,,,,,,,,,,,,
,,,,,,,,,,,,to_IN,-0.27932403,,,,,,,,,,,,,,,,
,,,,,,,,,,,,spending_NN,-0.281608899,,,,,,,,,,,,,,,,
,,,,,,,,,,,,among_IN,-0.289292239,,,,,,,,,,,,,,,,
,,,,,,,,,,,,the_AT,-0.294418347,,,,,,,,,,,,,,,,
,,,,,,,,,,,,will_MD,-0.300357651,,,,,,,,,,,,,,,,
,,,,,,,,,,,,of_IN,-0.31330516,,,,,,,,,,,,,,,,
,,,,,,,,,,,,elected_VBN,-0.333500386,,,,,,,,,,,,,,,,
,,,,,,,,,,,,government_NN,-0.353634135,,,,,,,,,,,,,,,,
,,,,,,,,,,,,greater_JJR,-0.354763159,,,,,,,,,,,,,,,,
,,,,,,,,,,,,obama_NP,-0.403758908,,,,,,,,,,,,,,,,
